village_code_2011;village_name_2011;state_code_2011;district_code_2011;sub_district_code_2011;village_code_2001;village_name_2001;state_code_2001;district_code_2001;sub_district_code_2001
271843;Paschim Simna (Part);16;289;1922;100;Paschim Simna (Part);16;1;1
271844;Megliband  (Part);16;289;1922;200;Megliband  (Part);16;1;1
271845;Ishanpur(Part);16;289;1922;300;Ishanpur;16;1;1
271846;Mantala(Part);16;289;1922;400;Mantala;16;1;1
271847;Kalachhara;16;289;1922;500;Kalachhara;16;1;1
271848;Bejoynagar;16;289;1922;600;Bejoynagar;16;1;1
271849;Mohanpur(Part);16;289;1922;700;Mohanpur;16;1;1
271850;Noagaon(Part);16;289;1922;800;Noagaon;16;1;1
271851;Kalkalia;16;289;1922;1000;Kalkalia;16;1;1
271852;Bamutia;16;289;1922;1100;Bamutia;16;1;1
271853;Fatikchhara;16;289;1922;1200;Fatikchhara;16;1;1
271854;Laxmilunga;16;289;1922;1300;Laxmilunga;16;1;1
271855;Lankamura (Part);16;289;1922;1500;Lankamura;16;1;1
271856;Ramnagar (Part) (Minabari);16;289;1922;1700;Ramnagar (Part) (Minabari);16;1;1
271857;Barjala (Part);16;289;1922;1800;Barjala;16;1;1
271858;Kunjaban (Part) ;16;289;1922;40105000;Kunjaban(Part) CT;16;1;1
271859;Debendrachandranagar (Part);16;289;1922;1900;Debendrachandranagar;16;1;1
271860;Bodhjongnagar;16;289;1922;2000;Bodhjongnagar;16;1;1
271861;Tulabagan;16;289;1922;2100;Tulabagan;16;1;1
271862;Uttar Debendrachandranagar;16;289;1922;2200;Uttar Debendrachandranagar;16;1;1
271863;Taranagar (CT);16;289;1922;900;Taranagar;16;1;1
271864;Narsingarh (CT);16;289;1922;40103000;Narsingarh (CT);16;1;1
271865;Singarbil (CT);16;289;1922;1400;Singarbil;16;1;1
271866;Gandhigram (CT);16;289;1922;40104000;Gandhigram (CT);16;1;1
271867;Paschim Simna (Part);16;289;1923;2300;Paschim Simna (Part);16;1;2
271868;Megliband (Part);16;289;1923;2400;Megliband (Part);16;1;2
271869;Purba Simna;16;289;1923;2500;Purba Simna;16;1;2
271870;Uttar Dashgharia;16;289;1923;2600;Uttar Dashgharia;16;1;2
271871;Sankhola;16;289;1923;2700;Sankhola;16;1;2
271872;Ishanpur(Part);16;289;1923;300;Ishanpur;16;1;1
271873;Baluaban;16;289;1923;2800;Baluaban;16;1;2
271874;Mantala(Part);16;289;1923;400;Mantala;16;1;1
271875;Baikunthapur;16;289;1923;2900;Baikunthapur;16;1;2
271876;Dakshin Dashgharia;16;289;1923;3000;Dakshin Dashgharia;16;1;2
271877;Subalsingh;16;289;1923;3100;Subalsingh;16;1;2
271878;Kamukchhara;16;289;1923;3200;Kamukchhara;16;1;2
271879;Surendranagar;16;289;1923;3300;Surendranagar;16;1;2
271880;Mohanpur (Part);16;289;1923;700;Mohanpur;16;1;1
271881;Noagaon (Part);16;289;1923;800;Noagaon;16;1;1
271882;Thamakari;16;289;1923;3400;Thamakari;16;1;2
271883;Barkanthalia;16;289;1923;3500;Barkanthalia;16;1;2
271884;Chandpur;16;289;1923;3600;Chandpur;16;1;2
271885;Domrakaridak;16;289;1923;3700;Domrakaridak;16;1;2
271886;Tuichhamankuri;16;289;1923;3800;Tuichhamankuri;16;1;2
271887;Khengrabari;16;289;1924;3900;Khengrabari;16;1;3
271888;Bagabil;16;289;1924;4000;Bagabil;16;1;3
271889;Ratanpur;16;289;1924;4100;Ratanpur;16;1;3
271890;Paschim Belchhara;16;289;1924;4200;Paschim Belchhara;16;1;3
271891;Purba Belchhara;16;289;1924;4300;Purba Belchhara;16;1;3
271892;Uttar Padmabil (Part);16;289;1924;4400;Uttar Padmabil (Part);16;1;3
271893;Gayamanibari;16;289;1924;4600;Gayamanibari;16;1;3
271894;Dakshin Padmabil;16;289;1924;4500;Dakshin Padmabil;16;1;3
271895;Dhalabil (Part);16;289;1924;5800;Dhalabil;16;1;4
271896;Uttar Ramchandraghat (Part);16;289;1924;5900;Uttar Ramchandraghat;16;1;4
271897;Dakshin Ramchandraghat;16;289;1924;4800;Dakshin Ramchandraghat;16;1;3
271898;Tuihachingbari;16;289;1924;4700;Tuihachingbari;16;1;3
271899;Akhrabari;16;289;1924;4900;Akhrabari;16;1;3
271900;Purba Ramchandraghat (Part) ;16;289;1924;6100;Purba Ramchandraghat ;16;1;4
271901;Laxminarayanpur (Part);16;289;1924;6300;Laxminarayanpur;16;1;4
271902;Dwarikapur (Part);16;289;1924;9100;Dwarikapur;16;1;6
271903;Ramdayalbari (Part);16;289;1924;5100;Ramdayalbari;16;1;3
271904;Paglabari;16;289;1924;5000;Paglabari;16;1;3
271905;Paschim Singhichhara (Part);16;289;1925;5200;Paschim Singhichhara;16;1;4
271906;Purba Singhichhara;16;289;1925;5300;Purba Singhichhara;16;1;4
271907;Ganki (Part);16;289;1925;5400;Ganki;16;1;4
271908;Paharmura;16;289;1925;5500;Paharmura;16;1;4
271909;Gournagar;16;289;1925;5600;Gournagar;16;1;4
271910;Uttar Padmabil (Part);16;289;1925;5700;Uttar Padmabil (Part);16;1;4
271911;Dhalabil (Part);16;289;1925;5800;Dhalabil;16;1;4
271912;Uttar Ramchandraghat (Part);16;289;1925;5900;Uttar Ramchandraghat;16;1;4
271913;Sonatala;16;289;1925;6000;Sonatala;16;1;4
271914;Purba Ramchandraghat (Part) ;16;289;1925;6100;Purba Ramchandraghat ;16;1;4
271915;Chebri;16;289;1925;6200;Chebri;16;1;4
271916;Laxminarayanpur (Part);16;289;1925;6300;Laxminarayanpur;16;1;4
271917;Santinagar (Part);16;289;1925;6400;Santinagar;16;1;4
271918;Chamubasti;16;289;1926;6500;Chamubasti;16;1;5
271919;Banbazar;16;289;1926;6600;Banbazar;16;1;5
271920;Asharambari;16;289;1926;6700;Asharambari;16;1;5
271921;Paschim Karangichhara;16;289;1926;6800;Paschim Karangichhara;16;1;5
271922;Purba Karangichhara;16;289;1926;6900;Purba Karangichhara;16;1;5
271923;Sukhiabari;16;289;1926;7000;Sukhiabari;16;1;5
271924;Remachhara;16;289;1926;7100;Remachhara;16;1;5
271925;Purba Laxmichhara;16;289;1926;7200;Purba Laxmichhara;16;1;5
271926;Paschim Laxmichhara;16;289;1926;7300;Paschim Laxmichhara;16;1;5
271927;Paschim Bachaibari;16;289;1926;7400;Paschim Bachaibari;16;1;5
271928;Purba Bachaibari;16;289;1926;7500;Purba Bachaibari;16;1;5
271929;Paschim Champachhara;16;289;1926;7600;Paschim Champachhara;16;1;5
271930;Purba Champachhara;16;289;1926;7700;Purba Champachhara;16;1;5
271931;Shikaribari;16;289;1926;7800;Shikaribari;16;1;5
271932;Maidanbari;16;289;1926;7900;Maidanbari;16;1;5
271933;Ramkrishnabari;16;289;1926;8000;Ramkrishnabari;16;1;5
271934;Purba Rajnagar;16;289;1926;8100;Purba Rajnagar;16;1;5
271935;Paschim Rajnagar;16;289;1926;8200;Paschim Rajnagar;16;1;5
271936;Santinagar (Part);16;289;1926;6400;Santinagar;16;1;4
271937;Badlabari;16;289;1926;8400;Badlabari;16;1;5
271938;Mainakbari;16;289;1926;8500;Mainakbari;16;1;5
271939;Jagna Kobrabari (Part);16;289;1926;8600;Jagna Kobrabari;16;1;5
271940;Dakshin Promodenagar (Part);16;289;1926;9300;Dakshin Promodenagar;16;1;6
271941;Dwarikapur (Part);16;289;1927;9100;Dwarikapur;16;1;6
271942;Durgapur;16;289;1927;9200;Durgapur;16;1;6
271943;Dakshin Promodenagar (Part);16;289;1927;9300;Dakshin Promodenagar;16;1;6
271944;Maharanipur (Part);16;289;1927;9400;Maharanipur;16;1;6
271945;Uttar Ghilatali;16;289;1927;9500;Uttar Ghilatali;16;1;6
271946;Ramdayalbari (Part);16;289;1927;5100;Ramdayalbari;16;1;3
271947;Kunjaban;16;289;1927;9600;Kunjaban;16;1;6
271948;Paschim Kalyanpur;16;289;1927;9700;Paschim Kalyanpur;16;1;6
271949;Madhya Kalyanpur;16;289;1927;9800;Madhya Kalyanpur;16;1;6
271950;Purba Kalyanpur;16;289;1927;9900;Purba Kalyanpur;16;1;6
271951;Kamalnagar;16;289;1927;10000;Kamalnagar;16;1;6
271952;Ghilatali;16;289;1927;10100;Ghilatali;16;1;6
271953;Dakshin Maharani (Part);16;289;1927;10200;Dakshin Maharani;16;1;7
271954;Krishnapur (Part);16;289;1928;10300;Krishnapur (Part);16;1;7
271955;Moharchhara;16;289;1928;10400;Moharchhara;16;1;7
271956;Uttar Pulinpur;16;289;1928;10500;Uttar Pulinpur;16;1;7
271957;Laxmipur (Part);16;289;1928;11400;Laxmipur;16;1;7
271958;Dakshin Pulinpur;16;289;1928;10600;Dakshin Pulinpur;16;1;7
271959;Tuichindrai;16;289;1928;10700;Tuichindrai;16;1;7
271960;Hawaibari;16;289;1928;10800;Hawaibari;16;1;7
271961;Sardu Karkari;16;289;1928;10900;Sardu Karkari;16;1;7
271962;Teliamura R.F. (Part);16;289;1928;11000;Teliamura R.F. (Part);16;1;7
271963;Brahmachhara;16;289;1928;11300;Brahmachhara;16;1;7
271964;Uttar Gakulnagar (Part);16;289;1928;11200;Uttar Gakulnagar;16;1;7
271965;Dakshin Gakulnagar (Part);16;289;1928;11100;Dakshin Gakulnagar;16;1;7
271966;Teliamura (Part);16;289;1928;40102000;Teliamura NP;16;1;0
271967;Uttar Promodenagar;16;289;1929;8300;Uttar Promodenagar;16;1;5
271968;Jagna Kobrabari (Part);16;289;1929;8600;Jagna Kobrabari;16;1;5
271969;Tuichindraibari;16;289;1929;8700;Tuichindraibari;16;1;5
271970;Karaibari;16;289;1929;8800;Karaibari;16;1;5
271971;Sriramkhara;16;289;1929;8900;Sriramkhara;16;1;5
271972;Maharanipur (Part);16;289;1929;9400;Maharanipur;16;1;6
271973;Dakshin Maharani (Part);16;289;1929;10200;Dakshin Maharani;16;1;7
271974;Ramkrishnapur;16;289;1929;9000;Ramkrishnapur;16;1;5
271975;Laxmipur (Part);16;289;1929;11400;Laxmipur;16;1;7
271976;Atharamura R.F.;16;289;1929;11500;Atharamura R.F.;16;1;7
271977;Uttar Gakulnagar (Part);16;289;1929;11200;Uttar Gakulnagar;16;1;7
271978;Teliamura R.F. (Part);16;289;1929;11000;Teliamura R.F. (Part);16;1;7
271979;Dakshin Gakulnagar (Part);16;289;1929;11100;Dakshin Gakulnagar;16;1;7
271980;Nunachhara R.F.;16;289;1929;11600;Nunachhara R.F.;16;1;7
271981;Wakkinagar;16;289;1930;11700;Wakkinagar;16;1;8
271982;Sibnagar;16;289;1930;11800;Sibnagar;16;1;8
271983;Ramchandranagar;16;289;1930;11900;Ramchandranagar;16;1;8
271984;Laxmipur (Part);16;289;1930;12000;Laxmipur;16;1;8
271985;Dinabandhunagar;16;289;1930;12100;Dinabandhunagar;16;1;8
271986;Paschim Barjalai;16;289;1930;12200;Paschim Barjalai;16;1;8
271987;Kathirambari;16;289;1930;12300;Kathirambari;16;1;8
271988;Patnipara;16;289;1930;12400;Patnipara;16;1;8
271989;Ashigarh;16;289;1930;12500;Ashigarh;16;1;8
271990;Khengrai;16;289;1930;12600;Khengrai;16;1;8
271991;Harbhang;16;289;1930;12700;Harbhang;16;1;8
271992;Dinakobrapara;16;289;1930;12800;Dinakobrapara;16;1;8
271993;Mandainagar;16;289;1930;12900;Mandainagar;16;1;8
271994;Purba Debendranagar (Part);16;289;1930;14400;Purba Debendranagar;16;1;9
271995;Bhrigudas para;16;289;1930;13000;Bhrigudas para;16;1;8
271996;Jamilengpara;16;289;1930;13100;Jamilengpara;16;1;8
271997;Atuthangbari;16;289;1930;13200;Atuthangbari;16;1;8
271998;Laxmipur (Part);16;289;1931;12000;Laxmipur;16;1;8
271999;Mekhlipara;16;289;1931;13700;Mekhlipara;16;1;9
272000;Tulakona;16;289;1931;13800;Tulakona;16;1;9
272001;Purba Noagoan;16;289;1931;13900;Purba Noagoan;16;1;9
272002;Majlishpur (Part);16;289;1931;14000;Majlishpur;16;1;9
272003;Purba Barjalai ;16;289;1931;14200;Purba Barjalai ;16;1;9
272004;Joynagar;16;289;1931;14300;Joynagar;16;1;9
272005;Purba Debendranagar (Part);16;289;1931;14400;Purba Debendranagar;16;1;9
272006;Jirania;16;289;1931;14500;Jirania;16;1;9
272007;Radhamohanpur;16;289;1931;14600;Radhamohanpur;16;1;9
272008;Radhapur;16;289;1931;14700;Radhapur;16;1;9
272009;Janmejoynagar;16;289;1931;14800;Janmejoynagar;16;1;9
272010;Belbari;16;289;1931;14900;Belbari;16;1;9
272011;Champaknagar;16;289;1931;15000;Champaknagar;16;1;9
272012;Champabari;16;289;1931;15100;Champabari;16;1;9
272013;Radhakishorenagar (CT);16;289;1931;13300;Radhakishorenagar;16;1;9
272014;Briddhanagar (CT);16;289;1931;13600;Briddhanagar;16;1;9
272015;Uttar Champamura (CT);16;289;1931;13500;Uttar Champamura;16;1;9
272016;Bankimnagar (CT);16;289;1931;14100;Bankimnagar;16;1;9
272017;Badharghat (Part);16;289;1932;40110000;Badharghat CT;16;1;10
272018;Ishanchandranagar;16;289;1932;15300;Ishanchandranagar;16;1;10
272019;Pandabpur;16;289;1932;15500;Pandabpur;16;1;10
272020;Bikramnagar;16;289;1932;15600;Bikramnagar;16;1;10
272021;Kanchanmala;16;289;1932;15700;Kanchanmala;16;1;10
272022;Srinagar;16;289;1932;16100;Srinagar;16;1;10
272023;Charipara (CT);16;289;1932;15200;Charipara;16;1;10
272024;Anandanagar (CT);16;289;1932;16000;Anandanagar;16;1;10
272025;Dukli (CT);16;289;1932;15900;Dukli;16;1;10
272026;Madhupur (CT);16;289;1932;15400;Madhupur;16;1;10
272027;Madhuban (CT);16;289;1932;15800;Madhuban;16;1;10
272028;Prabhapur;16;289;1933;16200;Prabhapur;16;1;11
272029;Mohanpur (Part);16;289;1933;16300;Mohanpur;16;1;11
272030;Pekuarjala;16;289;1933;16400;Pekuarjala;16;1;11
272031;Ratanpur;16;289;1933;16500;Ratanpur;16;1;11
272032;Bamnichhara;16;289;1933;16600;Bamnichhara;16;1;11
272033;Shyamnagar;16;289;1933;16700;Shyamnagar;16;1;11
272034;Paschim Takarjala;16;289;1933;16800;Paschim Takarjala;16;1;11
272035;Purba Takarjala;16;289;1933;16900;Purba Takarjala;16;1;11
272036;Sangkumabari;16;289;1933;17000;Sangkumabari;16;1;11
272037;Barmabari;16;289;1933;17100;Barmabari;16;1;11
272038;Killabari;16;289;1933;17200;Killabari;16;1;11
272039;Kalaibari;16;289;1933;17300;Kalaibari;16;1;11
272040;Jampuijala;16;289;1933;17400;Jampuijala;16;1;11
272041;Kandraichhara;16;289;1933;17500;Kandraichhara;16;1;11
272042;Ujan Ghaniamara;16;289;1933;17600;Ujan Ghaniamara;16;1;11
272043;Madhya Ghaniamara;16;289;1933;17700;Madhya Ghaniamara;16;1;11
272044;Hirapur;16;289;1933;17800;Hirapur;16;1;11
272045;Amarendranagar;16;289;1933;17900;Amarendranagar;16;1;11
272046;Ujan Pathalia;16;289;1933;18000;Ujan Pathalia;16;1;11
272047;Kamalasagar;16;289;1934;18100;Kamalasagar;16;1;12
272048;Debipur;16;289;1934;18200;Debipur;16;1;12
272049;Radhanagar;16;289;1934;18300;Radhanagar;16;1;12
272050;Konaban;16;289;1934;18400;Konaban;16;1;12
272051;Madhupur;16;289;1934;18500;Madhupur;16;1;12
272052;Kaiyadhepa;16;289;1934;18600;Kaiyadhepa;16;1;12
272053;Nehalchandranagar;16;289;1934;18700;Nehalchandranagar;16;1;12
272054;Purathal Rajnagar;16;289;1934;18800;Purathal Rajnagar;16;1;12
272055;Ghaniamara;16;289;1934;18900;Ghaniamara;16;1;12
272056;Bishalgarh (Part);16;289;1934;19000;Bishalgarh;16;1;12
272057;Dakshin Champamura;16;289;1934;19100;Dakshin champamura;16;1;12
272058;Laxmibil;16;289;1934;19200;Laxmibil;16;1;12
272059;Gopinagar;16;289;1934;19300;Gopinagar;16;1;12
272060;Golaghati;16;289;1934;19400;Golaghati;16;1;12
272061;Latiachhara;16;289;1934;19500;Latiachhara;16;1;12
272062;Uttar Charilam;16;289;1934;19600;Uttar Charilam;16;1;12
272063;Brajapur;16;289;1934;19700;Brajapur;16;1;12
272064;Krishna Kishorenagar;16;289;1934;19800;Krishna Kishorenagar;16;1;12
272065;Gajaria;16;289;1934;19900;Gajaria;16;1;12
272066;Bangshibari;16;289;1934;20000;Bangshibari;16;1;12
272067;Rangapania;16;289;1934;20100;Rangapania;16;1;12
272068;Sutamura;16;289;1934;20200;Sutamura;16;1;12
272069;Dhariathal;16;289;1934;20300;Dhariathal;16;1;12
272070;Ramnagar;16;289;1934;20400;Ramnagar;16;1;12
272071;Rangmala;16;289;1934;20500;Rangmala;16;1;12
272072;Dakshin Charilam;16;289;1934;20600;Dakshin Charilam;16;1;12
272073;Baustali;16;289;1934;20700;Baustali;16;1;12
272074;Padmanagar;16;289;1934;20800;Padmanagar;16;1;12
272075;Amtali;16;289;1934;20900;Amtali;16;1;12
272076;Barjala;16;289;1934;21000;Barjala;16;1;12
272077;Promodenagar;16;289;1934;21100;Promodenagar;16;1;12
272078;Pathaliaghat;16;289;1934;21200;Pathaliaghat;16;1;12
272079;Madhya Pathalia;16;289;1934;21300;Madhya Pathalia;16;1;12
272080;Mohanpur (Part);16;289;1934;16300;Mohanpur;16;1;11
272081;Gakulnagar (CT);16;289;1934;40112000;Gakulnagar (CT);16;1;12
272082;Rahimpur;16;289;1935;21400;Rahimpur;16;1;13
272083;Putia;16;289;1935;21500;Putia;16;1;13
272084;Bhaluarchar;16;289;1935;21600;Bhaluarchar;16;1;13
272085;Ashabari;16;289;1935;21700;Ashabari;16;1;13
272086;Boxanagar;16;289;1935;21800;Boxanagar;16;1;13
272087;Kalsimura;16;289;1935;21900;Kalsimura;16;1;13
272088;Manikyanagar;16;289;1935;22000;Manikyanagar;16;1;13
272089;Ghilatali;16;289;1935;22100;Ghilatali;16;1;13
272090;Jogatrampur;16;289;1935;22200;Jogatrampur;16;1;13
272091;Kalamchaura;16;289;1935;22300;Kalamchaura;16;1;13
272092;Anandapur;16;289;1935;22400;Anandapur;16;1;13
272093;Kamalanagar;16;289;1935;22500;Kamalanagar;16;1;13
272094;Bejoynagar;16;289;1935;22600;Bejoynagar;16;1;13
272095;Dhanirampur;16;289;1935;22700;Dhanirampur;16;1;13
272096;Matinagar;16;289;1935;22800;Matinagar;16;1;13
272097;Kulubari;16;289;1935;22900;Kulubari;16;1;13
272098;Taksapara;16;289;1936;23000;Taksapara;16;1;14
272099;Choumohani;16;289;1936;23100;Choumohani;16;1;14
272100;Paschim Jumerdhepa;16;289;1936;23200;Paschim Jumerdhepa;16;1;14
272101;Purba Jumerdhepa;16;289;1936;23300;Purba Jumerdhepa;16;1;14
272102;Bagabasa;16;289;1936;23400;Bagabasa;16;1;14
272103;Purba Nalchar;16;289;1936;23500;Purba Nalchar;16;1;14
272104;Paschim Nalchar;16;289;1936;23600;Paschim Nalchar;16;1;14
272105;Khaschoumohani;16;289;1936;23700;Khaschoumohani;16;1;14
272106;Durlavnarayanpur;16;289;1936;23800;Durlavnarayanpur;16;1;14
272107;Bardowal;16;289;1936;23900;Bardowal;16;1;14
272108;Khedabari (Part);16;289;1936;24000;Khedabari (Part);16;1;14
272109;Aralia (Part);16;289;1936;24100;Aralia (Part);16;1;14
272110;Nabadwipchandranagar (Part);16;289;1936;24200;Nabadwipchandranagar (Part);16;1;14
272111;Bejimara (Part);16;289;1936;24300;Bejimara;16;1;14
272112;Ghrantali;16;289;1936;24400;Ghrantali;16;1;14
272113;Melaghar;16;289;1936;24500;Melaghar;16;1;14
272114;Rudijala;16;289;1936;24600;Rudijala;16;1;14
272115;Mohanbhug;16;289;1936;24700;Mohanbhug;16;1;14
272116;Kamarangatali;16;289;1936;24800;Kamarangatali;16;1;14
272117;Chandul;16;289;1936;24900;Chandul;16;1;14
272118;Telkajla;16;289;1936;25100;Telkajla;16;1;14
272119;Barpathar;16;289;1936;25200;Barpathar;16;1;14
272120;Urmai;16;289;1936;25300;Urmai;16;1;14
272121;Jharjharia;16;289;1936;25400;Jharjharia;16;1;14
272122;Khedarbari;16;289;1936;25500;Khedarbari;16;1;14
272123;Uttar Taibandul;16;289;1936;25600;Uttar Taibandul;16;1;14
272124;Dakshin Taibandul;16;289;1936;25700;Dakshin Taibandul;16;1;14
272125;Gamaichhara;16;289;1936;25800;Gamaichhara;16;1;14
272126;Chandigarh (CT);16;289;1936;25000;Chandigarh;16;1;14
272127;Sobhapur (Part);16;289;1937;25900;Sobhapur (Part);16;1;15
272128;Kalapania;16;289;1937;26000;Kalapania;16;1;15
272129;Manarchak;16;289;1937;26100;Manarchak;16;1;15
272130;Dhanpur;16;289;1937;26200;Dhanpur;16;1;15
272131;Paharpur;16;289;1937;26300;Paharpur;16;1;15
272132;Birampur;16;289;1937;26400;Birampur;16;1;15
272133;Nirbhoypur;16;289;1937;26500;Nirbhoypur;16;1;15
272134;Maheshpur;16;289;1937;26600;Maheshpur;16;1;15
272135;Kathalia;16;289;1937;26700;Kathalia;16;1;15
272136;Jagatrampur;16;289;1937;26800;Jagatrampur;16;1;15
272137;Birendranagar;16;289;1937;26900;Birendranagar;16;1;15
272138;Manaipathar;16;289;1937;27000;Manaipathar;16;1;15
272139;Himmatpur;16;289;1937;27100;Himmatpur;16;1;15
272140;Kalikrishnanagar;16;289;1937;27200;Kalikrishnanagar;16;1;15
272141;Nidaya;16;289;1937;27300;Nidaya;16;1;15
272142;Durlavpur;16;289;1937;27400;Durlavpur;16;1;15
272143;Bhabanipur;16;289;1937;27500;Bhabanipur;16;1;15
272144;Bejimara (Part);16;289;1937;24300;Bejimara;16;1;14
272145;Bagma (Part);16;290;1938;27600;Bagma (Part);16;2;1
272146;Kanchigang  R.F.;16;290;1938;27700;Kanchigang  R.F.;16;2;1
272147;Khupilong (Part);16;290;1938;27800;Khupilong (Part);16;2;1
272148;Thelakum;16;290;1938;27900;Thelakum;16;2;1
272149;Choygharia;16;290;1938;28000;Choygharia;16;2;1
272150;Uttar Baramura Deotamura R.F.;16;290;1938;28100;Uttar Baramura Deotamura R.F.;16;2;1
272151;Chaimaroa;16;290;1938;28200;Chaimaroa;16;2;1
272152;Uttar Brajendranagar;16;290;1938;28300;Uttar Brajendranagar;16;2;1
272153;Chharthai ;16;290;1938;28400;Chharthai ;16;2;1
272154;Killa;16;290;1938;28500;Killa;16;2;1
272155;Raiabari;16;290;1938;28600;Raiabari;16;2;1
272156;Dakshin Brajendranagar (Part);16;290;1938;28700;Dakshin Brajendranagar (Part);16;2;1
272157;Purba Brajendranagar;16;290;1938;28800;Purba Brajendranagar;16;2;1
272158;Photamati (Part);16;290;1938;28900;Photamati (Part);16;2;1
272159;Laxmipati (Part);16;290;1938;29000;Laxmipati (Part);16;2;1
272160;Dakshin Baramura Deotamura R.F.(Part);16;290;1938;29100;Dakshin Baramura Deotamura R.F.(Part);16;2;1
272161;Paschim Kalajari R.F. (Part);16;290;1939;30900;Paschim Kalajari R.F. (Part);16;2;2
272162;Purba Sarbang;16;290;1939;31000;Purba Sarbang;16;2;2
272163;Paschim Sarbang;16;290;1939;31100;Paschim Sarbang;16;2;2
272164;Bampur;16;290;1939;31500;Bampur;16;2;2
272165;Deb bari;16;290;1939;31600;Deb bari;16;2;2
272166;Rangamati;16;290;1939;31700;Rangamati;16;2;2
272167;Gungia;16;290;1939;31800;Gungia;16;2;2
272168;Birganj;16;290;1939;31900;Birganj;16;2;2
272169;Paschim Malbasa;16;290;1939;32000;Paschim Malbasa;16;2;2
272170;Purba Malbasa;16;290;1939;32100;Purba Malbasa;16;2;2
272171;Paharpur;16;290;1939;32200;Paharpur;16;2;2
272172;Dalak;16;290;1939;32300;Dalak;16;2;2
272173;Rangkang;16;290;1939;32400;Rangkang;16;2;2
272174;Rajkang;16;290;1939;32500;Rajkang;16;2;2
272175;Baramura Deotamura R.F. (Part);16;290;1939;32600;Baramura Deotamura R.F. (Part);16;2;2
272176;Tairbhuma;16;290;1939;32700;Tairbhuma;16;2;2
272177;Kurmachhara;16;290;1939;32800;Kurmachhara;16;2;2
272178;Paschim Daluma;16;290;1939;32900;Paschim Daluma;16;2;2
272179;Purba Daluma;16;290;1939;33000;Purba Daluma;16;2;2
272180;Uttar Chalagang;16;290;1939;33100;Uttar Chalagang;16;2;2
272181;Nutanbazar;16;290;1939;33200;Nutanbazar;16;2;2
272182;Palkuchhara;16;290;1940;29200;Palkuchhara;16;2;2
272183;Uttar Taidu;16;290;1940;29300;Uttar Taidu;16;2;2
272184;JambukChhara;16;290;1940;29400;JambukChhara;16;2;2
272185;Purba Taichhlong;16;290;1940;29500;Purba Taichhlong;16;2;2
272186;Paschim Taichhlong;16;290;1940;29600;Paschim Taichhlong;16;2;2
272187;Dakshin Taidu;16;290;1940;29700;Dakshin Taidu;16;2;2
272188;Taidudepha;16;290;1940;29800;Taidudepha;16;2;2
272189;Dhanlekha;16;290;1940;29900;Dhanlekha;16;2;2
272190;Baisyamanipara;16;290;1940;30000;Baisyamanipara;16;2;2
272191;Ampinagar;16;290;1940;30100;Ampinagar;16;2;2
272192;Haripur;16;290;1940;30200;Haripur;16;2;2
272193;Ampichhara;16;290;1940;30300;Ampichhara;16;2;2
272194;Gamaichhara;16;290;1940;30400;Gamaichhara;16;2;2
272195;Melchhi;16;290;1940;30500;Melchhi;16;2;2
272196;Uttar Chhangong;16;290;1940;30600;Uttar Chhangong;16;2;2
272197;Chenchua;16;290;1940;30700;Chenchua;16;2;2
272198;Ek-janchhara;16;290;1940;30800;Ek-janchhara;16;2;2
272199;Sonachhara;16;290;1940;31200;Sonachhara;16;2;2
272200;Dakshin Chhangong;16;290;1940;31300;Dakshin Chhangong;16;2;2
272201;Kamlaipara;16;290;1940;31400;Kamlaipara;16;2;2
272202;Bagma (Part);16;290;1941;33300;Bagma (Part);16;2;3
272203;Khupilong (Part);16;290;1941;33400;Khupilong (Part);16;2;3
272204;Barabhaiya;16;290;1941;33500;Barabhaiya;16;2;3
272205;Karaiyamura;16;290;1941;33600;Karaiyamura;16;2;3
272206;Bagabasa;16;290;1941;33700;Bagabasa;16;2;3
272207;Radhakishorepur R.F.;16;290;1941;33800;Radhakishorepur R.F.;16;2;3
272208;Salgarha;16;290;1941;33900;Salgarha;16;2;3
272209;Tepania;16;290;1941;34000;Tepania;16;2;3
272210;Chhataria;16;290;1941;34100;Chhataria;16;2;3
272211;Rajnagar;16;290;1941;34400;Rajnagar;16;2;3
272212;Pitra;16;290;1941;34500;Pitra;16;2;3
272213;Dakshin Brajendranagar (Part);16;290;1941;34600;Dakshin Brajendranagar (Part);16;2;3
272214;Photamati (Part);16;290;1941;34700;Photamati (Part);16;2;3
272215;Laxmipati (Part);16;290;1941;34800;Laxmipati (Part);16;2;3
272216;Uttar Maharani;16;290;1941;34900;Uttar Maharani;16;2;3
272217;Hirapur;16;290;1941;35000;Hirapur;16;2;3
272218;Khilpara;16;290;1941;35400;Khilpara;16;2;3
272219;Uttar Chandrapur;16;290;1941;35500;Uttar Chandrapur;16;2;3
272220;Dakshin Chandrapur;16;290;1941;35700;Dakshin Chandrapur;16;2;3
272221;Murapara (Part);16;290;1941;35800;Murapara (Part);16;2;3
272222;Paschim Magpushkarini;16;290;1941;35900;Paschim Magpushkarini;16;2;3
272223;Garji  R.F. (Part);16;290;1941;36000;Garji  R.F. (Part);16;2;3
272224;Garjichhara;16;290;1941;36100;Garjichhara;16;2;3
272225;Purba Magpushkarini;16;290;1941;36200;Purba Magpushkarini;16;2;3
272226;Chandrapur R.F.;16;290;1941;36300;Chandrapur R.F.;16;2;3
272227;Dakshin Maharani;16;290;1941;36400;Dakshin Maharani;16;2;3
272228;Gandhari;16;290;1941;36500;Gandhari;16;2;3
272229;Dakshin Baramura Debtamura R.F (Part);16;290;1941;36600;Dakshin Baramura Debtamura R.F(Part);16;2;3
272230;Taiharchum;16;290;1941;36700;Taiharchum;16;2;3
272231;Baishabari;16;290;1941;36800;Baishabari;16;2;3
272232;Chapiapara;16;290;1941;36900;Chapiapara;16;2;3
272233;Dhwajnagar (CT);16;290;1941;34200;Dhwajnagar;16;2;3
272234;Gakulpur (CT);16;290;1941;34300;Gakulpur;16;2;3
272235;Fulkumari (Part) (CT);16;290;1941;35100;Fulkumari (Part);16;2;3
272236;Matarbari (CT);16;290;1941;35600;Matarbari;16;2;3
272237;Silghati;16;290;1942;37000;Silghati;16;2;4
272238;Garjanmura;16;290;1942;37100;Garjanmura;16;2;4
272239;Amtali;16;290;1942;37200;Amtali;16;2;4
272240;Hadra;16;290;1942;37300;Hadra;16;2;4
272241;Palatana;16;290;1942;37400;Palatana;16;2;4
272242;Jamjuri;16;290;1942;37500;Jamjuri;16;2;4
272243;Rajdharnagar;16;290;1942;37600;Rajdharnagar;16;2;4
272244;Murapara (Part);16;290;1942;37700;Murapara (Part);16;2;4
272245;Dudhpushkarini;16;290;1942;37800;Dudhpushkarini;16;2;4
272246;Kakraban;16;290;1942;37900;Kakraban;16;2;4
272247;Hurijala;16;290;1942;38000;Hurijala;16;2;4
272248;Gangachhara;16;290;1942;38100;Gangachhara;16;2;4
272249;Upendranagar;16;290;1942;38200;Upendranagar;16;2;4
272250;Rani;16;290;1942;38300;Rani;16;2;4
272251;Balurpathar;16;290;1942;38400;Balurpathar;16;2;4
272252;Samukchhara;16;290;1942;38500;Samukchhara;16;2;4
272253;Jitendranagar;16;290;1942;38600;Jitendranagar;16;2;4
272254;Dhuptali;16;290;1942;38700;Dhuptali;16;2;4
272255;Garji R.F. (Part);16;290;1942;38800;Garji R.F. (Part);16;2;4
272256;Rangamura;16;290;1943;38900;Rangamura;16;2;5
272257;Uttar Krishnapur;16;290;1943;39000;Uttar Krishnapur;16;2;5
272258;Dakshin Krishnapur;16;290;1943;39100;Dakshin Krishnapur;16;2;5
272259;Radhanagar;16;290;1943;39200;Radhanagar;16;2;5
272260;Paschim Anandapur;16;290;1943;39300;Paschim Anandapur;16;2;5
272261;Siddhinagar;16;290;1943;39400;Siddhinagar;16;2;5
272262;Bhairabnagar;16;290;1943;39500;Bhairabnagar;16;2;5
272263;Tebaria;16;290;1943;39600;Tebaria;16;2;5
272264;Baraiya;16;290;1943;39700;Baraiya;16;2;5
272265;Dakshin Srirampur;16;290;1943;39800;Dakshin Srirampur;16;2;5
272266;Uttar Srirampur;16;290;1943;39900;Uttar Srirampur;16;2;5
272267;Kamalpur;16;290;1943;40000;Kamalpur;16;2;5
272268;Purba Anandapur;16;290;1943;40100;Purba Anandapur;16;2;5
272269;Bardos;16;290;1943;40200;Bardos;16;2;5
272270;Prakashnagar;16;290;1943;40300;Prakashnagar;16;2;5
272271;Trishna R.F.;16;290;1943;40400;Trishna R.F.;16;2;5
272272;Rajnagar;16;290;1943;40500;Rajnagar;16;2;5
272273;Joychandrapur;16;290;1943;40600;Joychandrapur;16;2;5
272274;Barapathari;16;290;1943;40700;Barapathari;16;2;5
272275;Paschim Peporiakhola;16;290;1943;40800;Paschim Peporiakhola;16;2;5
272276;Purba Peporiakhola;16;290;1943;40900;Purba Peporiakhola;16;2;5
272277;Kashari R.F.;16;290;1943;41000;Kashari R.F.;16;2;5
272278;Paikhola;16;290;1943;41100;Paikhola;16;2;5
272279;Chittamara;16;290;1943;41200;Chittamara;16;2;5
272280;Uttar Bharatchandranagar;16;290;1943;41300;Uttar Bharatchandranagar;16;2;5
272281;Laxmipur;16;290;1943;41400;Laxmipur;16;2;5
272282;Ishanchandranagar;16;290;1943;41500;Ishanchandranagar;16;2;5
272283;Dakshin Bharatchandranagar;16;290;1943;41600;Dakshin Bharatchandranagar;16;2;5
272284;Madhya Bharatchandranagar;16;290;1943;41700;Madhya Bharatchandranagar;16;2;5
272285;Kalabaria;16;290;1943;41800;Kalabaria;16;2;5
272286;Sarasima (Part);16;290;1944;41900;Sarasima (Part);16;2;6
272287;Uttar Sonaichhari ;16;290;1944;42000;Uttar Sonaichhari ;16;2;6
272288;Ratanpur;16;290;1944;42100;Ratanpur;16;2;6
272289;Tekka Tulshi R.F.;16;290;1944;42200;Tekka Tulshi R.F.;16;2;6
272290;Manirampur;16;290;1944;42300;Manirampur;16;2;6
272291;Shibpur;16;290;1944;42400;Shibpur;16;2;6
272292;Tuigamari;16;290;1944;42500;Tuigamari;16;2;6
272293;Dakshin Sonaichhari;16;290;1944;42600;Dakshin Sonaichhari;16;2;6
272294;Bashpadua (Part);16;290;1944;42700;Bashpadua;16;2;6
272295;Matai;16;290;1944;42800;Matai;16;2;6
272296;Champaknagar;16;290;1944;42900;Champaknagar;16;2;6
272297;Debipur;16;290;1944;43000;Debipur;16;2;6
272298;Hrishyamukh;16;290;1944;43100;Hrishyamukh;16;2;6
272299;Haripur;16;290;1944;43200;Haripur;16;2;6
272300;Krishnanagar;16;290;1944;43300;Krishnanagar;16;2;6
272301;Abhaynagar;16;290;1944;43400;Abhaynagar;16;2;6
272302;Tekka R.F.(Part);16;290;1944;43500;Tekka R.F.;16;2;6
272303;Purba Patichhari;16;290;1945;43600;Purba Patichhari;16;2;7
272304;Uttar Takmachhara;16;290;1945;43700;Uttar Takmachhara;16;2;7
272305;Dakshin Takmachhara;16;290;1945;43800;Dakshin Takmachhara;16;2;7
272306;Uttar Debipur;16;290;1945;43900;Uttar Debipur;16;2;7
272307;Purba Kathalia;16;290;1945;44000;Purba Kathalia;16;2;7
272308;Purba Manu;16;290;1945;44100;Purba Manu;16;2;7
272309;Birchandranagar;16;290;1945;44200;Birchandranagar;16;2;7
272310;Paschim Patichhari;16;290;1945;44300;Paschim Patichhari;16;2;7
272311;Rajapur;16;290;1945;44400;Rajapur;16;2;7
272312;Paschim Manu;16;290;1945;44500;Paschim Manu;16;2;7
272313;Paschim Kathalia (Part);16;290;1945;44600;Paschim Kathalia;16;2;7
272314;Bagafa (Part);16;290;1945;44700;Bagafa;16;2;7
272315;Santirbazar (Part);16;290;1945;44800;Santirbazar;16;2;7
272316;Gardang;16;290;1945;44900;Gardang;16;2;7
272317;Chhaigharia;16;290;1945;45000;Chhaigharia;16;2;7
272318;Laogang (Part);16;290;1945;45100;Laogang;16;2;7
272319;Radhakishore Ganj (Part);16;290;1945;45200;Radhakishore Ganj;16;2;7
272320;Kalalaogang;16;290;1945;45300;Kalalaogang;16;2;7
272321;Raibari;16;290;1945;45400;Raibari;16;2;7
272322;Laxmichhara;16;290;1945;45500;Laxmichhara;16;2;7
272323;Baikhora;16;290;1945;45600;Baikhora;16;2;7
272324;Paschim Charakbai;16;290;1945;45700;Paschim Charakbai;16;2;7
272325;Purba Charakbai;16;290;1945;45800;Purba Charakbai;16;2;7
272326;Muhuripur R.F.;16;290;1945;45900;Muhuripur R.F.;16;2;7
272327;Kalasi;16;290;1945;46000;Kalasi;16;2;7
272328;Uttar Barapathary;16;290;1945;46100;Uttar Barapathary;16;2;7
272329;Dakshin Barapathary;16;290;1945;46200;Dakshin Barapathary;16;2;7
272330;Birendranagar;16;290;1945;46300;Birendranagar;16;2;7
272331;Uttar Hichachhara;16;290;1945;46400;Uttar Hichachhara;16;2;7
272332;Jolaibari;16;290;1945;46500;Jolaibari;16;2;7
272333;Purba Muhuripur;16;290;1945;46600;Purba Muhuripur;16;2;7
272334;Paschim Muhuripur;16;290;1945;46700;Paschim Muhuripur;16;2;7
272335;Paschim Pillak;16;290;1945;46800;Paschim Pillak;16;2;7
272336;Dakshin Hichachhara;16;290;1945;46900;Dakshin Hichachhara;16;2;7
272337;Madhya Pillak;16;290;1945;47000;Madhya Pillak;16;2;7
272338;Abhangachhara;16;290;1945;47100;Abhangachhara;16;2;7
272339;Purba Pillak;16;290;1945;47200;Purba Pillak;16;2;7
272340;Tairumachhara;16;290;1945;47300;Tairumachhara;16;2;7
272341;Baramura Deotamura R.F.;16;290;1945;47400;Baramura Deotamura R.F.;16;2;7
272342;Baramura Deotamura R.F. (Part);16;290;1946;47500;Baramura Deotamura R.F.(Part);16;2;8
272343;Laogang;16;290;1946;47600;Laogang;16;2;8
272344;Dakshin Chalagang;16;290;1946;47700;Dakshin Chalagang;16;2;8
272345;Paschim Ekchhari;16;290;1946;47800;Paschim Ekchhari;16;2;8
272346;Uttar Ekchhari;16;290;1946;47900;Uttar Ekchhari;16;2;8
272347;Rambhadra;16;290;1946;48100;Rambhadra;16;2;8
272348;Jarimura;16;290;1946;48300;Jarimura;16;2;8
272349;Mukchhari;16;290;1946;48400;Mukchhari;16;2;8
272350;Chakpur;16;290;1946;48500;Chakpur;16;2;8
272351;Paschim Kalajari R.F. (Part);16;290;1946;48700;Paschim Kalajari R.F. (Part);16;2;8
272352;Purba Manikya Dewan;16;290;1946;48600;Purba Manikya Dewan;16;2;8
272353;Paschim Manikya Dewan;16;290;1946;48800;Paschim Manikya Dewan;16;2;8
272354;Dakshin Ekchhari;16;290;1946;48900;Dakshin Ekchhari;16;2;8
272355;Paschim Karbuk;16;290;1946;49000;Paschim Karbuk;16;2;8
272356;Purba Karbuk;16;290;1946;49100;Purba Karbuk;16;2;8
272357;Dakshin Karbuk;16;290;1946;49200;Dakshin Karbuk;16;2;8
272358;Ichhachhari;16;290;1946;49300;Ichhachhari;16;2;8
272359;Patichhari;16;290;1946;49400;Patichhari;16;2;8
272360;Lebachhara (CT);16;290;1946;48000;Lebachhara;16;2;8
272361;Chalita Bankul;16;290;1947;49500;Chalita Bankul;16;2;9
272362;Uttar Taichhama;16;290;1947;49600;Uttar Taichhama;16;2;9
272363;Bagmara;16;290;1947;49700;Bagmara;16;2;9
272364;Baramura Deotamura R.F.;16;290;1947;49800;Baramura Deotamura R.F.;16;2;9
272365;Barabil;16;290;1947;49900;Barabil;16;2;9
272366;Silachari;16;290;1947;50000;Silachari;16;2;9
272367;Suknachari;16;290;1947;50100;Suknachari;16;2;9
272368;Gorakapa;16;290;1947;50200;Gorakapa;16;2;9
272369;Desharampara;16;290;1947;50300;Desharampara;16;2;9
272370;Bishnupur;16;290;1947;50400;Bishnupur;16;2;9
272371;Uttar Bejoypur;16;290;1947;50500;Uttar Bejoypur;16;2;9
272372;Uttar Manu Bankul;16;290;1947;50600;Uttar Manu Bankul;16;2;9
272373;Dakshin Manu Bankul;16;290;1947;50700;Dakshin Manu Bankul;16;2;9
272374;Kathalchhari;16;290;1947;50800;Kathalchhari;16;2;9
272375;Gaurifa;16;290;1947;50900;Gaurifa;16;2;9
272376;Rupaichhari;16;290;1947;51000;Rupaichhari;16;2;9
272377;Sonaichhari;16;290;1947;51100;Sonaichhari;16;2;9
272378;Chatakchhari;16;290;1947;51200;Chatakchhari;16;2;9
272379;Paschim Ludhua;16;290;1947;51300;Paschim Ludhua;16;2;9
272380;Purba Ludhua;16;290;1947;51400;Purba Ludhua;16;2;9
272381;Dakshin Bejoypur;16;290;1947;51500;Dakshin Bejoypur;16;2;9
272382;Aliamara;16;290;1947;51600;Aliamara;16;2;9
272383;Baishnabpur;16;290;1947;51700;Baishnabpur;16;2;9
272384;Dakshin Sabroom;16;290;1947;51800;Dakshin Sabroom;16;2;9
272385;Purba Sabroom;16;290;1947;51900;Purba Sabroom;16;2;9
272386;Rajdharpur;16;290;1947;52000;Rajdharpur;16;2;9
272387;Bagachatal;16;290;1947;52100;Bagachatal;16;2;9
272388;Kaptali;16;290;1947;52200;Kaptali;16;2;9
272389;Magrum;16;290;1947;52300;Magrum;16;2;9
272390;Gaganchandra Para;16;290;1948;52400;Gaganchandra Para;16;2;10
272391;Gardhang;16;290;1948;52500;Gardhang;16;2;10
272392;Sakhbari;16;290;1948;52600;Sakhbari;16;2;10
272393;Taikumbachhara;16;290;1948;52700;Taikumbachhara;16;2;10
272394;Dakshin Taichhama;16;290;1948;52800;Dakshin Taichhama;16;2;10
272395;Uttar Kalapania;16;290;1948;52900;Uttar Kalapania;16;2;10
272396;Sindukpathar;16;290;1948;53000;Sindukpathar;16;2;10
272397;Dakshin Kalapania;16;290;1948;53100;Dakshin Kalapania;16;2;10
272398;Bhuratali;16;290;1948;53200;Bhuratali;16;2;10
272399;Fulchhari;16;290;1948;53300;Fulchhari;16;2;10
272400;Tekka R.F. (Part);16;290;1948;43500;Tekka R.F.;16;2;6
272401;Manubazar;16;290;1948;53400;Manubazar;16;2;10
272402;Magurchhara;16;290;1948;53500;Magurchhara;16;2;10
272403;Goachand;16;290;1948;53600;Goachand;16;2;10
272404;Chalitachhara;16;290;1948;53700;Chalitachhara;16;2;10
272405;Harina;16;290;1948;53800;Harina;16;2;10
272406;Betaga R.F.;16;290;1948;53900;Betaga R.F.;16;2;10
272407;Tekka Tulsi R.F.;16;290;1948;54000;Tekka Tulsi R.F.;16;2;10
272408;Madhabnagar;16;290;1948;54100;Madhabnagar;16;2;10
272409;Rajnagar;16;290;1948;54200;Rajnagar;16;2;10
272410;Krishnanagar;16;290;1948;54300;Krishnanagar;16;2;10
272411;Srinagar;16;290;1948;54400;Srinagar;16;2;10
272412;Amlighat;16;290;1948;54500;Amlighat;16;2;10
272413;Harbatali;16;290;1948;54600;Harbatali;16;2;10
272414;Brajendranagar;16;290;1948;54700;Brajendranagar;16;2;10
272415;Bijoynagar;16;290;1948;54800;Bijoynagar;16;2;10
272416;Doulbari (Part);16;290;1948;54900;Doulbari (Part);16;2;10
272417;Paschim Jalefa (Part);16;290;1948;55000;Paschim Jalefa;16;2;10
272418;Purba Jalefa (Part);16;290;1948;55100;Purba Jalefa (Part);16;2;10
272419;Paschim Sabroom (Part);16;290;1948;55200;Paschim Sabroom;16;2;10
272420;Uttar Bilashchhara;16;291;1949;55300;Uttar Bilashchhara;16;3;1
272421;Dakshin Bilashchhara;16;291;1949;55400;Dakshin Bilashchhara;16;3;1
272422;Noagaon (Part);16;291;1949;55500;Noagaon;16;3;1
272423;Ganganagar (Part);16;291;1949;55600;Ganganagar;16;3;1
272424;Mohanpur;16;291;1949;55700;Mohanpur;16;3;1
272425;Marachhara;16;291;1949;55800;Marachhara;16;3;1
272426;Barasurma;16;291;1949;55900;Barasurma;16;3;1
272427;Halhuli (Halahali - 1991 Census);16;291;1949;56000;Halhuli (Halahali - 1991 Census);16;3;1
272428;Panchasi;16;291;1949;56100;Panchasi;16;3;1
272429;Harerkhola (Part);16;291;1949;56200;Harerkhola;16;3;1
272430;Mayachhari;16;291;1949;56300;Mayachhari;16;3;1
272431;Bishnupur;16;291;1949;56400;Bishnupur;16;3;1
272432;Lambuchhara;16;291;1949;56500;Lambuchhara;16;3;1
272433;Mothirmia;16;291;1949;56700;Mothirmia;16;3;1
272434;Darang Tilla;16;291;1949;56800;Darang Tilla;16;3;1
272435;Kuchainala;16;291;1949;56900;Kuchainala;16;3;1
272436;Chotasurma;16;291;1949;57000;Chotasurma;16;3;1
272437;Chhetrai;16;291;1949;57100;Chhetrai;16;3;1
272438;Longtarai R.F.;16;291;1949;57200;Longtarai R.F.;16;3;1
272439;Bamanchhara;16;291;1949;57300;Bamanchhara;16;3;1
272440;Chulubari;16;291;1949;57400;Chulubari;16;3;1
272441;Manik Bhandar;16;291;1949;57500;Manik Bhandar;16;3;1
272442;Srirampur;16;291;1949;57600;Srirampur;16;3;1
272443;Duraichhara;16;291;1949;57700;Duraichhara;16;3;1
272444;Halahali;16;291;1949;57800;Halahali;16;3;1
272445;Mahabir;16;291;1949;57900;Mahabir;16;3;1
272446;Chankap;16;291;1949;58000;Chankap;16;3;1
272447;Debichhara;16;291;1949;58100;Debichhara;16;3;1
272448;Baralutma;16;291;1949;58200;Baralutma;16;3;1
272449;Nakful;16;291;1949;58300;Nakful;16;3;1
272450;Apareshkar;16;291;1949;58400;Apareshkar;16;3;1
272451;Panbua;16;291;1949;58500;Panbua;16;3;1
272452;Katalutma;16;291;1949;58600;Katalutma;16;3;1
272453;Abhanga;16;291;1949;58700;Abhanga;16;3;1
272454;Jamthumbari;16;291;1949;58800;Jamthumbari;16;3;1
272455;Simbuchak;16;291;1949;58900;Simbuchak;16;3;1
272456;Michhuria;16;291;1949;59000;Michhuria;16;3;1
272457;Maharani;16;291;1949;59100;Maharani;16;3;1
272458;Mendi;16;291;1949;59200;Mendi;16;3;1
272459;Paschim Daluchhara;16;291;1949;59300;Paschim Daluchhara;16;3;1
272460;Purba Daluchhara;16;291;1949;59400;Purba Daluchhara;16;3;1
272461;Salema;16;291;1949;59500;Salema;16;3;1
272462;Dab bari;16;291;1949;59600;Dab bari;16;3;1
272463;Kachuchhara;16;291;1949;59700;Kachuchhara;16;3;1
272464;Latiachhara;16;291;1949;59800;Latiachhara;16;3;1
272465;Kalachhari (CT);16;291;1949;56600;Kalachhari;16;3;1
272466;Kathalchhara;16;291;1950;59900;Kathalchhara;16;3;2
272467;Demchhara;16;291;1950;60000;Demchhara;16;3;2
272468;Karatichhara;16;291;1950;60100;Karatichhara;16;3;2
272469;Nalkata;16;291;1950;60200;Nalkata;16;3;2
272470;Kanchanchhara;16;291;1950;60300;Kanchanchhara;16;3;2
272471;Ultachhara;16;291;1950;60400;Ultachhara;16;3;2
272472;Deo Reserve Forest (Part);16;291;1950;60500;Deo Reserve Forest (Part);16;3;2
272473;Purba Karamchhara;16;291;1950;60600;Purba Karamchhara;16;3;2
272474;Paschim Karamchhara;16;291;1950;60700;Paschim Karamchhara;16;3;2
272475;Paschim Masli;16;291;1950;60800;Paschim Masli;16;3;2
272476;Uttar Dhumachhara;16;291;1950;60900;Uttar Dhumachhara;16;3;2
272477;Dakshin Dhumachhara;16;291;1950;61000;Dakshin Dhumachhara;16;3;2
272478;Purba Masli;16;291;1950;61200;Purba Masli;16;3;2
272479;Jarulchhara;16;291;1950;61300;Jarulchhara;16;3;2
272480;Mainama;16;291;1950;61400;Mainama;16;3;2
272481;Jamirchhara;16;291;1950;61500;Jamirchhara;16;3;2
272482;Longtarai R.F.;16;291;1950;61600;Longtarai R.F.;16;3;2
272483;Gainarma;16;291;1950;61700;Gainarma;16;3;2
272484;Chailengta;16;291;1950;61800;Chailengta;16;3;2
272485;Ghagrachhara;16;291;1950;61900;Ghagrachhara;16;3;2
272486;Lalchhara;16;291;1950;62000;Lalchhara;16;3;2
272487;Manu Chhailengta R.F.(Part);16;291;1950;66300;Manu Chhailengta R.F.;16;3;4
272488;Manu (CT);16;291;1950;61100;Manu;16;3;2
272489;Paschim Nalichhara;16;291;1951;62100;Paschim Nalichhara;16;3;3
272490;Purba Nalichhara;16;291;1951;62200;Purba Nalichhara;16;3;3
272491;Balaram;16;291;1951;62300;Balaram;16;3;3
272492;Bagmara;16;291;1951;62400;Bagmara;16;3;3
272493;Lalchhari;16;291;1951;62500;Lalchhari;16;3;3
272494;Kulai;16;291;1951;62600;Kulai;16;3;3
272495;Kamalachhara;16;291;1951;62700;Kamalachhara;16;3;3
272496;Kanchanpur (Part);16;291;1951;40302000;Kanchanpur CT;16;3;3
272497;Raipasa;16;291;1951;62800;Raipasa;16;3;3
272498;Jagannathpur;16;291;1951;62900;Jagannathpur;16;3;3
272499;Auliraipara;16;291;1951;63000;Auliraipara;16;3;3
272500;Kathalbari;16;291;1951;63100;Kathalbari;16;3;3
272501;Sikaribari;16;291;1951;63200;Sikaribari;16;3;3
272502;Gurudhanpara;16;291;1951;63300;Gurudhanpara;16;3;3
272503;Harimangalpara;16;291;1951;63400;Harimangalpara;16;3;3
272504;Kulai R.F.;16;291;1951;63500;Kulai R.F.;16;3;3
272505;Kulai  R.F. (Extn.);16;291;1951;63600;Kulai  R.F. (Extn.);16;3;3
272506;Karmapara;16;291;1951;63700;Karmapara;16;3;3
272507;Ulemchhara;16;291;1951;63800;Ulemchhara;16;3;3
272508;Karnamanipara;16;291;1951;63900;Karnamanipara;16;3;3
272509;Lalchhara;16;291;1951;64000;Lalchhara;16;3;3
272510;Baluchhara;16;291;1951;64100;Baluchhara;16;3;3
272511;Chakmapara;16;291;1951;64200;Chakmapara;16;3;3
272512;Tetaiya;16;291;1951;64300;Tetaiya;16;3;3
272513;Khamupara;16;291;1951;64400;Khamupara;16;3;3
272514;Khowaipara;16;291;1951;64500;Khowaipara;16;3;3
272515;Ganganagar;16;291;1951;64600;Ganganagar;16;3;3
272516;Batabari;16;291;1951;64700;Batabari;16;3;3
272517;Pustaraipara;16;291;1951;64800;Pustaraipara;16;3;3
272518;Sardinkhapara;16;291;1951;64900;Sardinkhapara;16;3;3
272519;Radharambari;16;291;1951;65000;Radharambari;16;3;3
272520;Gangaprasadpara;16;291;1951;65100;Gangaprasadpara;16;3;3
272521;Dangamapara;16;291;1951;65200;Dangamapara;16;3;3
272522;Satbhaiyapara;16;291;1951;65300;Satbhaiyapara;16;3;3
272523;Siddhapara;16;291;1951;65400;Siddhapara;16;3;3
272524;Joychandra Para;16;291;1952;65500;Joychandra Para;16;3;4
272525;Sonapur;16;291;1952;65600;Sonapur;16;3;4
272526;Durgachhara;16;291;1952;65700;Durgachhara;16;3;4
272527;Sadhujan Para;16;291;1952;65800;Sadhujan Para;16;3;4
272528;Uttar Longtarai;16;291;1952;65900;Uttar Longtarai;16;3;4
272529;Dakshin Longtarai;16;291;1952;66000;Dakshin Longtarai;16;3;4
272530;Paschim Chhamanu;16;291;1952;66100;Paschim Chhamanu;16;3;4
272531;Makarchhara;16;291;1952;66200;Makarchhara;16;3;4
272532;Manu Chhailengta R.F. (Part);16;291;1952;66300;Manu Chhailengta R.F.;16;3;4
272533;Manikpur;16;291;1952;66400;Manikpur;16;3;4
272534;Purba Chhamanu;16;291;1952;66500;Purba Chhamanu;16;3;4
272535;Debchhara;16;291;1952;66600;Debchhara;16;3;4
272536;Central Catchment R.F.;16;291;1952;66700;Central Catchment R.F.;16;3;4
272537;Jagabandhupara;16;291;1953;66800;Jagabandhupara;16;3;5
272538;Barabari;16;291;1953;66900;Barabari;16;3;5
272539;Jinaraipara;16;291;1953;67000;Jinaraipara;16;3;5
272540;Bhagirath Para;16;291;1953;67100;Bhagirath Para;16;3;5
272541;Sipasingh;16;291;1953;67200;Sipasingh;16;3;5
272542;Malyansingh;16;291;1953;67300;Malyansingh;16;3;5
272543;Dalapatipara;16;291;1953;67400;Dalapatipara;16;3;5
272544;Purba Gandachhara;16;291;1953;67500;Purba Gandachhara;16;3;5
272545;Ultachhara;16;291;1953;67600;Ultachhara;16;3;5
272546;Paschim Gandachhara;16;291;1953;67700;Paschim Gandachhara;16;3;5
272547;Chitrajhari;16;291;1953;67800;Chitrajhari;16;3;5
272548;Laxmipur;16;291;1953;67900;Laxmipur;16;3;5
272549;Dhalajhari;16;291;1953;68000;Dhalajhari;16;3;5
272550;Bulongbasa;16;291;1953;68100;Bulongbasa;16;3;5
272551;Sarma;16;291;1953;68200;Sarma;16;3;5
272552;Uttaraipara;16;291;1953;68300;Uttaraipara;16;3;5
272553;Birchandranagar;16;291;1953;68400;Birchandranagar;16;3;5
272554;Paschim Kalyansingh;16;291;1953;68500;Paschim Kalyansingh;16;3;5
272555;Purba Kalyansingh;16;291;1953;68600;Purba Kalyansingh;16;3;5
272556;Joyrampur;16;291;1953;68700;Joyrampur;16;3;5
272557;Sardong;16;291;1953;68800;Sardong;16;3;5
272558;Ratan Nagar;16;291;1953;68900;Ratan Nagar;16;3;5
272559;Tuichama;16;291;1953;69000;Tuichama;16;3;5
272560;Thakurchhara;16;291;1953;69100;Thakurchhara;16;3;5
272561;Ranipukur;16;291;1953;69200;Ranipukur;16;3;5
272562;Ramnagar;16;291;1953;69300;Ramnagar;16;3;5
272563;Purba Kalajhari R.F;16;291;1953;48200;Purba Kalajhari R.F;16;3;5
272564;Khederkot;16;291;1953;69400;Khederkot;16;3;5
272565;Kamalakhal;16;291;1953;69500;Kamalakhal;16;3;5
272566;Kamalasram;16;291;1953;69600;Kamalasram;16;3;5
272567;Paschim Raima;16;291;1953;69700;Paschim Raima;16;3;5
272568;Purba Raima;16;291;1953;69800;Purba Raima;16;3;5
272569;Boalkhali;16;291;1953;69900;Boalkhali;16;3;5
272570;Sukraichhara;16;291;1953;70000;Sukraichhara;16;3;5
272571;Jarulchhara;16;291;1953;70100;Jarulchhara;16;3;5
272572;Purba Potachhara;16;291;1953;70200;Purba Potachhara;16;3;5
272573;Paschim Potachhara;16;291;1953;70300;Paschim Potachhara;16;3;5
272574;Latiapur;16;292;1954;70400;Latiapur;16;4;1
272575;Rangauti;16;292;1954;70500;Rangauti;16;4;1
272576;Khowrabil;16;292;1954;70600;Khowrabil;16;4;1
272577;Irani;16;292;1954;70700;Irani;16;4;1
272578;Hirachhara;16;292;1954;70800;Hirachhara;16;4;1
272579;Dhaliarkandi;16;292;1954;70900;Dhaliarkandi;16;4;1
272580;Tilagaon;16;292;1954;71000;Tilagaon;16;4;1
272581;Laxmipur;16;292;1954;71100;Laxmipur;16;4;1
272582;Kanakpur;16;292;1954;71200;Kanakpur;16;4;1
272583;Jubarajnagar;16;292;1954;71300;Jubarajnagar;16;4;1
272584;Srinathpur;16;292;1954;71400;Srinathpur;16;4;1
272585;Ichabpur;16;292;1954;71500;Ichabpur;16;4;1
272586;Deorachhara;16;292;1954;71600;Deorachhara;16;4;1
272587;Debasthal;16;292;1954;71700;Debasthal;16;4;1
272588;Pakhirbada;16;292;1954;71800;Pakhirbada;16;4;1
272589;Guldharpur;16;292;1954;71900;Guldharpur;16;4;1
272590;Gournagar;16;292;1954;72000;Gournagar;16;4;1
272591;Kamarangabari;16;292;1954;72100;Kamarangabari;16;4;1
272592;Chhantail;16;292;1954;72200;Chhantail;16;4;1
272593;Srirampur;16;292;1954;72300;Srirampur;16;4;1
272594;Chandipur;16;292;1954;72400;Chandipur;16;4;1
272595;Samrurpar;16;292;1954;72500;Samrurpar;16;4;1
272596;Murtichhara;16;292;1954;72600;Murtichhara;16;4;1
272597;Manu Valley;16;292;1954;72700;Manu Valley;16;4;1
272598;Rangrung;16;292;1954;72800;Rangrung;16;4;1
272599;Halaichhara;16;292;1954;72900;Halaichhara;16;4;1
272600;Golakpur;16;292;1954;73000;Golakpur;16;4;1
272601;Samaruhala R.F.;16;292;1954;73100;Samaruhala R.F.;16;4;1
272602;Dhanbilash;16;292;1954;73200;Dhanbilash;16;4;1
272603;Fultali;16;292;1954;73300;Fultali;16;4;1
272604;Jarultali;16;292;1954;73400;Jarultali;16;4;1
272605;Birchandranagar;16;292;1954;73500;Birchandranagar;16;4;1
272606;Bilashpur;16;292;1954;73600;Bilashpur;16;4;1
272607;Kaulikura;16;292;1954;73700;Kaulikura;16;4;1
272608;Bhagaban Nagar;16;292;1954;73800;Bhagaban Nagar;16;4;1
272609;Sonamukhi;16;292;1954;73900;Sonamukhi;16;4;1
272610;Jalai;16;292;1954;74000;Jalai;16;4;1
272611;Dhatuchhara;16;292;1954;74100;Dhatuchhara;16;4;1
272612;Uttar Unakuti R.F.;16;292;1954;74200;Uttar Unakuti R.F.;16;4;1
272613;Satsangam;16;292;1955;74300;Satsangam;16;4;2
272614;Ranibari;16;292;1955;74400;Ranibari;16;4;2
272615;Brajendranagar;16;292;1955;74500;Brajendranagar;16;4;2
272616;Piarachhara;16;292;1955;74600;Piarachhara;16;4;2
272617;Kurti;16;292;1955;74700;Kurti;16;4;2
272618;Sarala;16;292;1955;74800;Sarala;16;4;2
272619;Maheshpur;16;292;1955;74900;Maheshpur;16;4;2
272620;Saraspur;16;292;1955;75000;Saraspur;16;4;2
272621;Kadamtala;16;292;1955;75100;Kadamtala;16;4;2
272622;Churaibari;16;292;1955;75200;Churaibari;16;4;2
272623;Ichailalchhara;16;292;1955;75300;Ichailalchhara;16;4;2
272624;Bishnupur;16;292;1955;75400;Bishnupur;16;4;2
272625;Ragna;16;292;1955;75500;Ragna;16;4;2
272626;Baruakandi (Part);16;292;1955;75600;Baruakandi;16;4;2
272627;Bhagyapur;16;292;1955;75700;Bhagyapur;16;4;2
272628;Hurua (Part);16;292;1955;75800;Hurua;16;4;2
272629;Sanichhara;16;292;1955;75900;Sanichhara;16;4;2
272630;Pratyekrai;16;292;1955;76000;Pratyekrai;16;4;2
272631;Laxminagar;16;292;1955;76100;Laxminagar;16;4;2
272632;Chandpur ;16;292;1955;76200;Chandpur ;16;4;2
272633;Balidhum;16;292;1956;76300;Balidhum;16;4;3
272634;Paschim Halflong;16;292;1956;76500;Paschim Halflong;16;4;3
272635;Radhapur;16;292;1956;76600;Radhapur;16;4;3
272636;Dhupirband;16;292;1956;76700;Dhupirband;16;4;3
272637;Kameswar (Part);16;292;1956;76800;Kameswar;16;4;3
272638;Ganganagar;16;292;1956;76900;Ganganagar;16;4;3
272639;Bagbasa;16;292;1956;77000;Bagbasa;16;4;3
272640;Uttar Padmabil;16;292;1956;77100;Uttar Padmabil;16;4;3
272641;Uptakhali;16;292;1956;77200;Uptakhali;16;4;3
272642;Jubarajnagar;16;292;1956;77300;Jubarajnagar;16;4;3
272643;Purba Halflong;16;292;1956;77400;Purba Halflong;16;4;3
272644;Rajnagar;16;292;1956;77500;Rajnagar;16;4;3
272645;Paschim Tilthai;16;292;1956;77600;Paschim Tilthai;16;4;3
272646;Purba Tilthai;16;292;1956;77700;Purba Tilthai;16;4;3
272647;Deochhara;16;292;1956;77800;Deochhara;16;4;3
272648;Ramnagar;16;292;1956;77900;Ramnagar;16;4;3
272649;Roa;16;292;1956;78000;Roa;16;4;3
272650;Bilthai;16;292;1956;78100;Bilthai;16;4;3
272651;Pekuchhara;16;292;1956;78300;Pekuchhara;16;4;3
272652;Jalebasa;16;292;1956;78400;Jalebasa;16;4;3
272653;Dakshin Padmabil;16;292;1956;78500;Dakshin Padmabil;16;4;3
272654;Indurail (Part);16;292;1956;78600;Indurail;16;4;3
272655;Dewanpasa (CT);16;292;1956;76400;Dewanpasa;16;4;3
272656;Panisagar (CT);16;292;1956;78200;Panisagar;16;4;3
272657;Juri R.F.;16;292;1957;78700;Juri R.F.;16;4;4
272658;Bangsul;16;292;1957;78800;Bangsul;16;4;4
272659;Piplachhara;16;292;1957;78900;Piplachhara;16;4;4
272660;Rahumchhara;16;292;1957;79000;Rahumchhara;16;4;4
272661;Indurail (Part);16;292;1957;78600;Indurail;16;4;3
272662;Damchhara;16;292;1957;79100;Damchhara;16;4;4
272663;Narendranagar;16;292;1957;79200;Narendranagar;16;4;4
272664;Kacharichhara;16;292;1957;79300;Kacharichhara;16;4;4
272665;Damchhara R.F.;16;292;1957;79400;Damchhara R.F.;16;4;4
272666;Khedachhara;16;292;1957;79500;Khedachhara;16;4;4
272667;Kalagang (Part);16;292;1957;79600;Kalagang (Part);16;4;4
272668;Paschim Andharchhara;16;292;1958;79700;Paschim Andharchhara;16;4;5
272669;Purba Andharchhara;16;292;1958;79800;Purba Andharchhara;16;4;5
272670;Lakshmanchhara;16;292;1958;79900;Lakshmanchhara;16;4;5
272671;Nabinchhara;16;292;1958;80000;Nabinchhara;16;4;5
272672;Pencharthal;16;292;1958;80100;Pencharthal;16;4;5
272673;Birchandranagar;16;292;1958;80200;Birchandranagar;16;4;5
272674;Laljuri (Part);16;292;1958;83300;Laljuri;16;4;7
272675;Karaichhara;16;292;1958;80300;Karaichhara;16;4;5
272676;Baghaichhara;16;292;1958;80400;Baghaichhara;16;4;5
272677;Nalkata;16;292;1958;80500;Nalkata;16;4;5
272678;Dhanichhara;16;292;1958;80600;Dhanichhara;16;4;5
272679;Deo Reserve Forest;16;292;1958;84200;Deo Reserve Forest;16;4;7
272680;Deo Reserve Forest (Part);16;292;1958;83000;Deo Reserve Forest (Part);16;4;6
272681;Uttar Machmara;16;292;1958;80700;Uttar Machmara;16;4;5
272682;Dewanbari;16;292;1958;83100;Dewanbari;16;4;7
272683;Dakshin Machmara;16;292;1958;80800;Dakshin Machmara;16;4;5
272684;Rabiraipara;16;292;1958;84100;Rabiraipara;16;4;7
272685;Rajkandi;16;292;1959;80900;Rajkandi;16;4;6
272686;Radhanagar;16;292;1959;81000;Radhanagar;16;4;6
272687;Krishnanagar;16;292;1959;81100;Krishnanagar;16;4;6
272688;Jagannathpur;16;292;1959;81200;Jagannathpur;16;4;6
272689;Natingchhara;16;292;1959;81300;Natingchhara;16;4;6
272690;Dakshin Unakuti R.F.;16;292;1959;81400;Dakshin Unakuti R.F.;16;4;6
272691;Sonaimuri;16;292;1959;81500;Sonaimuri;16;4;6
272693;Gakulnagar;16;292;1959;81700;Gakulnagar;16;4;6
272694;Ganganagar;16;292;1959;81800;Ganganagar;16;4;6
272695;Purba Ratachhara;16;292;1959;81900;Purba Ratachhara;16;4;6
272696;Paschim Ratachhara;16;292;1959;82000;Paschim Ratachhara;16;4;6
272697;Saidachhara;16;292;1959;82100;Saidachhara;16;4;6
272698;Dengdung;16;292;1959;82200;Dengdung;16;4;6
272699;Laljuri;16;292;1959;82300;Laljuri;16;4;6
272700;Paschim Kanchanbari;16;292;1959;82400;Paschim Kanchanbari;16;4;6
272701;Masauli;16;292;1959;82500;Masauli;16;4;6
272702;Dudhpur;16;292;1959;82600;Dudhpur;16;4;6
272703;Betchhara;16;292;1959;82700;Betchhara;16;4;6
272704;Purba Kanchanbari;16;292;1959;82800;Purba Kanchanbari;16;4;6
272705;Pabiachhara (Part);16;292;1959;82900;Pabiachhara(Part);16;4;6
272706;Deo Reserve Forest (Part);16;292;1959;83000;Deo Reserve Forest (Part);16;4;6
272707;Fatikroy (CT);16;292;1959;81600;Fatikroy;16;4;6
272708;Ujan machhmara R.F.;16;292;1960;83200;Ujan machhmara R.F.;16;4;7
272709;Laljuri (Part);16;292;1960;83300;Laljuri;16;4;7
272710;Jayantipara;16;292;1960;83400;Jayantipara;16;4;7
272711;Jamraipara;16;292;1960;83500;Jamraipara;16;4;7
272712;Santipur;16;292;1960;83600;Santipur;16;4;7
272713;Sibnagar ;16;292;1960;83700;Sibnagar ;16;4;7
272714;Kanchanchhara;16;292;1960;83900;Kanchanchhara;16;4;7
272715;Chandipur;16;292;1960;84000;Chandipur;16;4;7
272716;Manu Chailengta R.F.;16;292;1960;84300;Manu Chailengta R.F.;16;4;7
272717;Satnala;16;292;1960;84400;Satnala;16;4;7
272718;Dasda Laxmipur;16;292;1960;84500;Dasda Laxmipur;16;4;7
272719;Kamarmara;16;292;1960;84600;Kamarmara;16;4;7
272720;Dasmanipara;16;292;1960;84700;Dasmanipara;16;4;7
272721;Taiyangpara;16;292;1960;84800;Taiyangpara;16;4;7
272722;Sunitipur;16;292;1960;84900;Sunitipur;16;4;7
272723;Kalapania;16;292;1960;85000;Kalapania;16;4;7
272724;Lambachhara;16;292;1960;85100;Lambachhara;16;4;7
272725;Ramprasaipara;16;292;1960;85200;Ramprasaipara;16;4;7
272726;Tuichhama;16;292;1960;85300;Tuichhama;16;4;7
272727;Gachirampara;16;292;1960;85400;Gachirampara;16;4;7
272728;Central Catchment R.F.;16;292;1960;85500;Central Catchment R.F.;16;4;7
272729;Paschim Tlangsanbari (Part);16;292;1960;85600;Paschim Tlangsanbari (Part);16;4;7
272730;Belianchief (Part);16;292;1960;86400;Belianchief;16;4;8
272731;Kanchanpur (CT);16;292;1960;83800;Kanchanpur;16;4;7
272732;Paschim Manpai;16;292;1961;85900;Paschim Manpai;16;4;8
272733;Purba Manpai;16;292;1961;86000;Purba Manpai;16;4;8
272734;Tlakchi;16;292;1961;86100;Tlakchi;16;4;8
272735;Kalagang (Part);16;292;1961;86200;Kalagang (Part);16;4;8
272736;Bhangmun;16;292;1961;86300;Bhangmun;16;4;8
272737;Belianchief (Part);16;292;1961;86400;Belianchief;16;4;8
272738;Banglabari;16;292;1961;86500;Banglabari;16;4;8
272739;Paschim Tlangsangbari (Part);16;292;1961;86600;Paschim Tlangsangbari (Part);16;4;8
272740;Simblong;16;292;1961;86700;Simblong;16;4;8
272741;Sailo;16;292;1961;86800;Sailo;16;4;8
272742;Sabual;16;292;1961;86900;Sabual (Part);16;4;8
272743;Central Catchment R.F.;16;292;1961;87000;Central Catchment R.F. (Part);16;4;8
