village_code_2011;village_name_2011;state_code_2011;district_code_2011;sub_district_code_2011;village_code_2001;village_name_2001;state_code_2001;district_code_2001;sub_district_code_2001
271013;Kanhmun;15;281;1896;100;Kanhmun;15;1;1
271014;Luimawi;15;281;1896;200;Moraicherra;15;1;1
271015;Bajirungpaveng;15;281;1896;300;Bajirungpaveng;15;1;1
271016;Thinghlun;15;281;1896;400;Lushaicherra;15;1;1
271017;Kolalian;15;281;1896;500;Kolalian;15;1;1
271018;Hriphaw;15;281;1896;600;Hriphaw;15;1;1
271019;Bungthuam;15;281;1896;700;Bungthuam;15;1;1
271020;Zawlpui;15;281;1896;800;Zawlpui;15;1;1
271021;Zamuang;15;281;1896;900;Zamuang;15;1;1
271022;Rengdil;15;281;1896;1000;Rengdil;15;1;1
271023;W.Damdiai;15;281;1896;1100;W.Damdiai;15;1;1
271024;Kawrthah;15;281;1896;1200;Kawrthah;15;1;1
271025;Tumpanglui;15;281;1896;1300;Tumpanglui;15;1;1
271026;Sotapa Veng;15;281;1896;1500;Sotapa Veng;15;1;1
271027;Mualthuam;15;281;1896;1600;Mualthuam;15;1;1
271028;Darlak;15;281;1896;1700;Darlak;15;1;1
271029;Kawrtethawveng;15;281;1896;1800;Kawrtethawveng;15;1;1
271030;Serhmun;15;281;1896;2400;Serhmun;15;1;1
271031;Lahmun;15;281;1896;2500;Lahmun;15;1;1
271032;W.Lungpher;15;281;1896;2600;W.Lungpher;15;1;1
271033;W.Bunghmun;15;281;1896;2700;N.W.Bunghmun;15;1;1
271034;Tuirum;15;281;1896;2800;Tuirum;15;1;1
271035;Khanthuam;15;281;1896;2900;Khanthuam;15;1;1
271036;Dinthar Bethel;15;281;1896;3000;Dinthar Bethel;15;1;1
271037;Khamrang;15;281;1896;3100;Khamrang;15;1;1
271038;Setlak;15;281;1896;3200;Setlak;15;1;1
271039;Saipuilui;15;281;1896;3300;Saipuilui;15;1;1
271040;Dampui;15;281;1896;3400;Dampui;15;1;1
271041;Nalzawl;15;281;1896;3500;Nalzawl;15;1;1
271042;Bawngva;15;281;1896;3600;Bawngva;15;1;1
271043;Phaizau;15;281;1896;3700;Phaizau;15;1;1
271044;Tuidai;15;281;1896;3800;Tuidai;15;1;1
271045;K. Sarali;15;281;1896;3900;Sarali K;15;1;1
271046;Chilui;15;281;1896;4000;Chilui;15;1;1
271047;N.Sabual;15;281;1896;4100;N.Sabual;15;1;1
271048;N.Tlangkhang;15;281;1896;4200;N.Tlangkhang;15;1;1
271049;Sihthiang;15;281;1896;4500;Sihthiang;15;1;1
271050;Damanchhora;15;281;1896;4700;Damanchhora;15;1;1
271051;Hnahthialtlang;15;281;1896;4800;Hnahthialtlang;15;1;1
271052;N.Lunglei;15;281;1896;4900;N.Lunglei;15;1;1
271053;Lungmawi;15;281;1896;5000;Lungmawi;15;1;1
271054;N.Maubuang;15;281;1896;5100;N.Maubuang;15;1;1
271055;Kananthar;15;281;1896;5200;Kananthar;15;1;1
271056;Suarhliap;15;281;1896;5300;Suarhliap;15;1;1
271057;Saikhawthlir;15;281;1896;5400;Saikhawthlir;15;1;1
271058;Chuhvel;15;281;1896;5500;Chuhvel;15;1;1
271059;W.Chipui;15;281;1896;5600;W.Chipui;15;1;1
271060;E.Chipui;15;281;1896;5700;E.Chipui;15;1;1
271061;Belkhai;15;281;1896;5800;Belkhai;15;1;2
271062;Khantlang;15;281;1896;5900;Khantlang;15;1;2
271063;Zomuantlang;15;281;1896;6000;Zomuan;15;1;2
271064;Tuipuibari;15;281;1896;6100;Tuipuibari;15;1;2
271065;Rajivnagar;15;281;1896;6200;Rajivnagar;15;1;2
271066;Lambachhora;15;281;1896;6300;Lambachhora;15;1;2
271067;Persang;15;281;1896;6400;Persang;15;1;2
271068;Andermanik;15;281;1896;6500;Andermanik;15;1;2
271069;Saipui;15;281;1896;6600;Saipui;15;1;2
271070;Chikhatlang;15;281;1896;6700;Chikhatlang;15;1;2
271071;Tuidam;15;281;1896;1400;Tuidam;15;1;1
271072;New Eden;15;281;1896;1400;Tuidam;15;1;1
271073;Vanmawiaveng;15;281;1896;1900;Vanmawiaveng;15;1;1
271074;Thaidawr ;15;281;1896;1900;Vanmawiaveng;15;1;1
271075;R Serali;15;281;1896;4300;Serali R;15;1;1
271076;Vawngawnzo;15;281;1896;4300;Serali R;15;1;1
271077;Damdiai;15;281;1896;4300;Serali R;15;1;1
271078;Tiauzau;15;281;1896;;;15;1;1
271079;Tuilutkawn;15;281;1897;6800;Tuilutkawn;15;1;2
271080;Damparengpui;15;281;1897;6900;Damparengpui;15;1;2
271081;Tuichar;15;281;1897;7000;Tuichar;15;1;2
271082;Sesih;15;281;1897;7100;Sesih;15;1;2
271083;Khawthar;15;281;1897;7200;Khawthar;15;1;2
271084;Khawhnai;15;281;1897;7300;Khawhnai;15;1;2
271085;Tuirum;15;281;1897;7400;Tuirum;15;1;2
271086;Salem Boarding;15;281;1897;7500;Salem Boarding;15;1;2
271087;Teirei Forest;15;281;1897;7600;Teirei Forest;15;1;2
271088;W.Phaileng;15;281;1897;7700;W.Phaileng;15;1;2
271089;Kawnmawi;15;281;1897;7800;Kawnmawi;15;1;2
271090;N.Chhippui;15;281;1897;7900;N.Chhippui;15;1;2
271091;Lallen;15;281;1897;8000;Lallen;15;1;2
271092;Hnahthialzawl;15;281;1897;8100;Hnahthialzawl;15;1;2
271093;Saithah;15;281;1897;8200;Saithah;15;1;2
271094;Falkawn;15;281;1897;8300;Falkawn;15;1;2
271095;Mualvum;15;281;1897;8400;Mualvum;15;1;2
271096;Lizawn;15;281;1897;8500;Lizawn;15;1;2
271097;Parvatui;15;281;1897;8600;Parvatui;15;1;2
271098;Phuldungsei;15;281;1897;8700;Phuldungsei;15;1;2
271099;Keisalam  I;15;281;1897;8800;Keisalam  I;15;1;2
271100;Keisalam II;15;281;1897;8900;Keisalam II;15;1;2
271101;Aivapui;15;281;1897;9000;Aivapui;15;1;2
271102;Zopui;15;281;1897;9100;Zopui;15;1;2
271103;Zawlpui;15;281;1897;9200;Zawlpui;15;1;2
271104;W.Phulpui;15;281;1897;9300;W.Phulpui;15;1;2
271105;Lokisuri;15;281;1897;9400;Lokisuri;15;1;2
271106;Silsuri;15;281;1897;9500;Silsuri;15;1;2
271107;Pukzing;15;281;1897;9600;Pukzing;15;1;2
271108;Pukzing vengthar;15;281;1897;9700;Pukzing vengthar;15;1;2
271109;Hnahva;15;281;1897;9800;Hnahva;15;1;2
271110;Hruiduk;15;281;1897;9900;Hruiduk;15;1;2
271111;Marpara North;15;281;1897;10000;Marpara North;15;1;2
271112;Saitlaw;15;281;1898;10100;Saitlaw;15;1;3
271113;Vaak;15;281;1898;10200;Vaak;15;1;3
271114;W.Serzawl;15;281;1898;10300;W.Serzawl;15;1;3
271115;Hmunpui;15;281;1898;10400;Hmunpui;15;1;3
271116;Dilzawl;15;281;1898;10500;Dilzawl;15;1;3
271117;Rawpuichhip;15;281;1898;10600;Rawpuichhip;15;1;3
271118;Lengte;15;281;1898;10700;Lengte;15;1;3
271119;Nghalchawm;15;281;1898;10800;Nghalchawm;15;1;3
271120;Tuahzawl;15;281;1898;10900;Tuahzawl;15;1;3
271121;Dapchhuah (Tutphai);15;281;1898;11000;Dapchhuah (Tutphai);15;1;3
271122;Rulpuihlim;15;281;1898;11100;Rulpuihlim;15;1;3
271123;Chungtlang;15;281;1898;11200;Chungtlang;15;1;3
271124;Reiek;15;281;1898;11300;Reiek;15;1;3
271125;Ailawng;15;281;1898;11400;Ailawng;15;1;3
271126;W.Lungdar;15;281;1898;11500;W.Lungdar;15;1;3
271127;Khawrihnim;15;281;1898;11600;Khawrihnim;15;1;3
271128;N. Kanghmun;15;281;1898;11800;N. Kanghmun;15;1;3
271129;Bawlte;15;281;1898;11900;Bawlte;15;1;3
271130;Bawngthah;15;281;1898;12000;Bawngthah;15;1;3
271131;Darlung;15;281;1898;12100;Darlung;15;1;3
271132;S.Sabual;15;281;1898;12200;S.Sabual;15;1;3
271133;Rallen;15;281;1898;12300;Rallen;15;1;3
271134;Lungphun;15;281;1898;11700;Lungphun;15;1;3
271135;Hreichuk;15;281;1898;11700;Lungphun;15;1;3
271136;Pualrang;15;282;1899;14200;Pualrang;15;2;1
271137;Parsenchhip;15;282;1899;14300;Parsenchhip;15;2;1
271138;Theichangbung;15;282;1899;14400;Theichangbung;15;2;1
271139;N.Hlimen;15;282;1899;14500;N.Hlimen;15;2;1
271140;Thingthelh;15;282;1899;14600;Thingthelh;15;2;1
271141;Dilzau T;15;282;1899;14700;Dilzau T;15;2;1
271142;N.Thingdawl;15;282;1899;14800;N.Thingdawl;15;2;1
271143;Hmaibialaveng;15;282;1899;15100;Hmaibialaveng;15;2;1
271144;Asproveng;15;282;1899;15200;Asproveng;15;2;1
271145;Rajtali;15;282;1899;15400;Rajtali;15;2;1
271146;Dilzau H;15;282;1899;15500;Dilzau H;15;2;1
271147;Hortoki;15;282;1899;15600;Hortoki;15;2;1
271148;Lelhchhun;15;282;1899;15700;Lelhchhun;15;2;1
271149;Sethawn;15;282;1899;15800;Sethawn;15;2;1
271150;Saizawl;15;282;1899;15900;Saizawl;15;2;1
271151;Bukpui;15;282;1899;16000;Bukpui;15;2;1
271152;N.Chaltlang;15;282;1899;16100;N.Chaltlang;15;2;1
271153;N.Mualvum;15;282;1899;16200;N.Mualvum;15;2;1
271154;Zanlawn;15;282;1899;16300;Zanlawn;15;2;1
271155;Dumkhel;15;282;1899;16400;Dumkhel;15;2;1
271156;Phainuam;15;282;1900;12400;Phainuam;15;2;1
271157;Saihapui V;15;282;1900;12500;Saihapui V;15;2;1
271158;N.Chhimluang;15;282;1900;12800;N.Chhimluang;15;2;1
271159;Saiphai;15;282;1900;13000;Saiphai;15;2;1
271160;Saipum;15;282;1900;13100;Saipum;15;2;1
271161;N.Chawnpui;15;282;1900;13200;N.Chawnpui;15;2;1
271162;Bilkhawthlir;15;282;1900;13400;Bilkhawthlir;15;2;1
271163;Phaisen;15;282;1900;13500;Phaisen;15;2;1
271164;Buhchangphai;15;282;1900;13600;Buhchangphai;15;2;1
271165;N.Thinglian;15;282;1900;13800;N.Thinglian;15;2;1
271166;Bukvannei;15;282;1900;13900;Bukvannei;15;2;1
271167;Saihapui K;15;282;1900;14000;Saihapui K;15;2;1
271168;Builum;15;282;1900;14100;Builum;15;2;1
271169;Pangbalkawn;15;282;1900;14900;Pangbalkawn;15;2;1
271170;S' Chhimluang ;15;282;1900;15000;S.Chhimluang;15;2;1
271171;Meidum;15;282;1900;15300;Meidum;15;2;1
271172;Chite;15;282;1900;12600;Chite;15;2;1
271173;Vakultui;15;282;1900;12700;Vakultui;15;2;1
271174;Phaizau;15;282;1900;12900;Phaizau;15;2;1
271175;Chemphai;15;282;1900;13300;Chemphai;15;2;1
271176;Zambira;15;282;1900;13700;Zambira;15;2;1
271177;Khamrang;15;282;1901;16500;Khamrang;15;2;90
271178;Lungmuat;15;282;1901;16600;Lungmuat;15;2;90
271179;Nisapui;15;282;1901;16700;Nisapui;15;2;90
271180;Serkhan;15;282;1901;16800;Serkhan;15;2;90
271181;Mualkhang;15;282;1901;16900;Mualkhang;15;2;90
271182;Bawnga Veng;15;282;1901;17000;Bawnga Veng;15;2;90
271183;Sentlang;15;282;1901;17100;Sentlang;15;2;90
271184;Lungdai;15;282;1901;17200;Lungdai;15;2;90
271185;Zokhawthiang;15;283;1902;17300;Mauchar;15;3;1
271186;Kani;15;283;1902;17400;Kani;15;3;1
271187;N.Tinghmun;15;283;1902;17500;N.Tinghmun;15;3;1
271188;Zohmun;15;283;1902;17600;Zohmun;15;3;1
271189;Palsang;15;283;1902;17700;Palsang;15;3;1
271190;Upper Sakawrdai;15;283;1902;17800;Upper Sakawrdai;15;3;1
271191;Lower Sakawrdai;15;283;1902;17900;Lower Sakawrdai;15;3;1
271192;N.Khawdungsei;15;283;1902;18000;N.Khawdungsei;15;3;1
271193;Vaitin;15;283;1902;18100;Vaitin;15;3;1
271194;Khawpuar;15;283;1902;18200;Khawpuar;15;3;1
271195;Luakchhuah;15;283;1902;18300;Luakchhuah;15;3;1
271196;Old Vervek;15;283;1902;18400;Old Vervek;15;3;1
271197;Vervek;15;283;1902;18500;E Damdiai;15;3;1
271198;Thingsat;15;283;1902;18600;Thingsat;15;3;1
271199;New Vervek;15;283;1902;18700;New Vervek;15;3;1
271200;Lungsum;15;283;1902;18800;Lungsum;15;3;1
271201;Ratu;15;283;1902;18900;Ratu;15;3;1
271202;Sunhluchhip;15;283;1902;19000;Sunhluchhip;15;3;1
271203;Sailutar;15;283;1902;19100;Sailutar;15;3;1
271204;Old Tengtawng;15;283;1902;19200;Old Tengtawng;15;3;1
271205;N.Serzawl;15;283;1902;19300;N.Serzawl;15;3;1
271206;Sawleng;15;283;1902;19400;Sawleng;15;3;1
271207;Chhanchhuahna Khawpui;15;283;1902;19500;Chhanchhuahna Khawpui;15;3;1
271208;Kepran;15;283;1902;19600;Kepran;15;3;1
271209;E.Phaileng;15;283;1902;19700;E.Phaileng;15;3;1
271210;Pehlawn;15;283;1902;19800;Pehlawn;15;3;1
271211;Khawkawi;15;283;1902;19900;Khawkawi;15;3;1
271212;Khanpui;15;283;1902;20000;Khanpui;15;3;1
271213;Khawruhlian;15;283;1902;20100;Khawruhlian;15;3;1
271214;Tuirinikai;15;283;1902;20200;Tuirinikai;15;3;1
271215;Hmunnghak;15;283;1902;20300;Hmunnghak;15;3;1
271216;Lailak;15;283;1902;20400;Lailak;15;3;1
271217;N.Khawlek;15;283;1903;20500;N.Khawlek;15;3;2
271218;Vanbawng;15;283;1903;20600;Vanbawng;15;3;2
271219;Lamherh;15;283;1903;20700;Lamherh;15;3;2
271220;Suangpuilawn;15;283;1903;20800;Suangpuilawn;15;3;2
271221;Zawngin;15;283;1903;20900;Zawngin;15;3;2
271222;Phullen;15;283;1903;21000;Phullen;15;3;2
271223;Thanglailung;15;283;1903;21100;Thanglailung;15;3;2
271224;Luangpawn;15;283;1903;21200;Luangpawn;15;3;2
271225;Phuaibuang;15;283;1903;21300;Phuaibuang;15;3;2
271226;Khawlian;15;283;1903;21400;Khawlian;15;3;2
271227;N.E.Tlangnuam;15;283;1903;21500;N.E.Tlangnuam;15;3;2
271228;Daido;15;283;1903;21600;Daido;15;3;2
271229;Hualngohmun;15;283;1904;21700;Hualngohmun;15;3;3
271230;Paikhai;15;283;1904;21800;Paikhai;15;3;3
271231;Thingdawl (Melriat);15;283;1904;21900;Thingdawl (Melriat);15;3;3
271232;Kelsih;15;283;1904;22000;Kelsih;15;3;3
271233;Falkawn;15;283;1904;22100;Falkawn;15;3;3
271234;Muallungthu;15;283;1904;22200;Muallungthu;15;3;3
271235;Tachhip;15;283;1904;22300;Tachhip;15;3;3
271236;Aibawk;15;283;1904;22400;Aibawk;15;3;3
271237;Sateek;15;283;1904;22500;Sateek;15;3;3
271238;Phulpui;15;283;1904;22600;Phulpui;15;3;3
271239;Khawhminglokawn;15;283;1904;22700;Khawhminglokawn;15;3;3
271240;N.Lungsai;15;283;1904;22800;N.Lungsai;15;3;3
271241;S.Maubuang;15;283;1904;22900;S.Maubuang;15;3;3
271242;Thiak;15;283;1904;23000;Thiak;15;3;3
271243;Sumsuih;15;283;1904;23100;Sumsuih;15;3;3
271244;Hmuifang;15;283;1904;23200;Hmuifang;15;3;3
271245;Changtekai;15;283;1904;23300;Changtekai;15;3;3
271246;Lungsei;15;283;1904;23400;Lungsei;15;3;3
271247;Samlukhai;15;283;1904;23500;Samlukhai;15;3;3
271248;Chamring;15;283;1904;23600;Chamring;15;3;3
271249;Lamchhip;15;283;1904;23700;Lamchhip;15;3;3
271250;Chawilung;15;283;1904;23800;Chawilung;15;3;3
271251;Sialsuk;15;283;1904;23900;Sialsuk;15;3;3
271252;Changpui Agri.Farm;15;283;1904;24000;Changpui Agri.Farm;15;3;3
271253;Sailam;15;283;1904;24100;Sailam;15;3;3
271254;Neihbawih;15;283;1901;24200;Neihbawih;15;3;90
271255;Sairum;15;283;1901;24300;Sairum;15;3;90
271256;Sihphir;15;283;1901;24400;Sihphir;15;3;90
271257;Puansen;15;283;1901;24500;Puansen;15;3;90
271258;Nausel;15;283;1901;24600;Nausel;15;3;90
271259;Muthi;15;283;1901;24700;Muthi;15;3;90
271260;Tuirial Jail;15;283;1901;24800;Tuirial Jail;15;3;90
271261;Tuirial ;15;283;1901;24900;Tuirial ;15;3;90
271262;Bung IB;15;283;1901;25000;Bung IB;15;3;90
271263;Lungleng I;15;283;1901;25100;Lungleng I;15;3;90
271264;N.Lungleng;15;283;1901;25200;N.Lungleng;15;3;90
271265;Samtlang;15;283;1901;25300;Samtlang;15;3;90
271266;Buhban;15;283;1905;25400;Buhban;15;3;91
271267;Sesawng;15;283;1905;25600;Sesawng;15;3;91
271268;Tualbung;15;283;1905;25700;Tualbung;15;3;91
271269;Dilkhan;15;283;1905;25800;Dilkhan;15;3;91
271270;N.Lungpher;15;283;1905;25900;N.Lungpher;15;3;91
271271;Sihfa;15;283;1905;26000;Sihfa;15;3;91
271272;Seling;15;283;1905;26100;Seling;15;3;91
271273;Phaibawk;15;283;1905;26200;Phaibawk;15;3;91
271274;Edenthar;15;283;1905;26300;Edenthar;15;3;91
271275;Tuikhurhlu;15;283;1905;26400;Tuikhurhlu;15;3;91
271276;Thingsul Tlangnuam;15;283;1905;26500;Thingsul Tlangnuam;15;3;91
271277;Thingsulthliah;15;283;1905;26600;Thingsulthliah;15;3;91
271278;Aichalkawn;15;283;1905;26700;Aichalkawn;15;3;91
271279;Saisih Vety Farm;15;283;1905;26800;Saisih Vety Farm;15;3;91
271280;Mualpheng;15;283;1905;26900;Mualpheng;15;3;91
271281;Lenchim;15;283;1905;27000;Lenchim;15;3;91
271282;Darlawng;15;283;1905;27100;Darlawng;15;3;91
271283;Tlungvel;15;283;1905;27200;Tlungvel;15;3;91
271284;Phulmawi;15;283;1905;27300;Phulmawi;15;3;91
271285;Tawizo;15;283;1905;27400;Tawizo;15;3;91
271286;Maite;15;283;1905;27500;Maite;15;3;91
271287;Mualmam;15;283;1905;25500;Mualmam;15;3;91
271288;C.T.I. Sesawng;15;283;1905;25500;Mualmam;15;3;91
271289;Chiahpui;15;284;1906;27600;Chiahpui;15;4;1
271290;N.E.Khawdungsei;15;284;1906;27700;N.E.Khawdungsei;15;4;1
271291;Khawkawn;15;284;1906;27800;Khawkawn;15;4;1
271292;Mimbung;15;284;1906;27900;Mimbung;15;4;1
271293;Hrianghmun;15;284;1906;28000;Hrianghmun;15;4;1
271294;Teikhang;15;284;1906;28100;Teikhang;15;4;1
271295;Kawlbem;15;284;1906;28300;Kawlbem;15;4;1
271296;Tualbung;15;284;1906;28400;Tualbung;15;4;1
271297;Ngopa;15;284;1906;28500;Ngopa;15;4;1
271298;Selam;15;284;1906;28600;Selam;15;4;1
271299;Lamzawl;15;284;1906;28700;Lamzawl;15;4;1
271300;Pawlrang;15;284;1906;28800;Pawlrang;15;4;1
271301;Changzawl;15;284;1906;28900;Changzawl;15;4;1
271302;Hliappui;15;284;1906;29000;Hliappui;15;4;1
271303;Hliappui S.;15;284;1906;29100;Hliappui S.;15;4;1
271304;Saichal;15;284;1906;29200;Saichal;15;4;1
271305;Dulte;15;284;1907;29300;Dulte;15;4;2
271306;Kawlkulh;15;284;1907;29400;Kawlkulh;15;4;2
271307;Demdum;15;284;1907;29500;Demdum;15;4;2
271308;Phunchawngzawl;15;284;1907;29600;Phunchawngzawl;15;4;2
271309;Vankal;15;284;1907;29700;Vankal;15;4;2
271310;Khualen;15;284;1907;29800;Khualen;15;4;2
271311;Rabung;15;284;1907;29900;Rabung;15;4;2
271312;Aiduzawl;15;284;1907;30000;Aiduzawl;15;4;2
271313;Pamchung;15;284;1907;30100;Pamchung;15;4;2
271314;Tualpui;15;284;1907;31100;Tualpui;15;4;2
271315;Ngaizawl;15;284;1907;31200;Ngaizawl;15;4;2
271316;Neihdawn;15;284;1907;31300;Neihdawn;15;4;2
271317;Khuailui;15;284;1907;31400;Khuailui;15;4;2
271318;Arro;15;284;1907;31500;Arro;15;4;2
271319;Puilo;15;284;1907;31600;Puilo;15;4;2
271320;Chhawrtui;15;284;1907;31700;Chhawrtui;15;4;2
271321;Hmuncheng;15;284;1907;31900;Hmuncheng;15;4;2
271322;Chawngtlai;15;284;1907;32000;Chawngtlai;15;4;2
271323;Khawpuitan;15;284;1907;32100;Khawpuitan;15;4;2
271324;Mualzen;15;284;1907;32200;Mualzen;15;4;2
271325;Tuipui;15;284;1907;32300;Tuipui;15;4;2
271326;Mualkawi;15;284;1907;32400;Mualkawi;15;4;2
271327;Melbuk (Khawnuam);15;284;1907;32500;Melbuk (Khawnuam);15;4;2
271328;Kelkang;15;284;1907;32600;Kelkang;15;4;2
271329;Tualte;15;284;1907;32700;Tualte;15;4;2
271330;Vangtlang;15;284;1907;32800;Vangtlang;15;4;2
271331;Chalrang;15;284;1907;32900;Chalrang;15;4;2
271332;New Chalrang;15;284;1907;33000;New Chalrang;15;4;2
271333;Melhnih (Chalrang);15;284;1907;33100;Melhnih (Chalrang);15;4;2
271334;Lungtan;15;284;1907;33200;Lungtan;15;4;2
271335;Tlangmawi;15;284;1907;33300;Tlangpuite;15;4;2
271336;Zaupui;15;284;1907;33400;Zaupui;15;4;2
271337;Dilkawn;15;284;1907;33500;Dilkawn;15;4;2
271338;Zokhawthar;15;284;1907;33600;Zokhawthar;15;4;2
271339;Vaikhawtlang;15;284;1908;28200;Vaikhawtlang;15;4;1
271340;Murlen;15;284;1908;30200;Murlen;15;4;2
271341;Tualcheng;15;284;1908;30300;Tualcheng;15;4;2
271342;Lungphunlian;15;284;1908;30400;Lungphunlian;15;4;2
271343;Khuangphah;15;284;1908;30500;Khuangphah;15;4;2
271344;Hnahlan;15;284;1908;30600;Hnahlan;15;4;2
271345;N.E.Diltlang;15;284;1908;30700;N.E.Diltlang;15;4;2
271346;Vapar;15;284;1908;30800;Vapar;15;4;2
271347;Ngur;15;284;1908;30900;Ngur;15;4;2
271348;N.Khawbung;15;284;1908;31000;N.Khawbung;15;4;2
271349;Zawngtetui;15;284;1909;33700;Zawngtetui;15;4;3
271350;Buang;15;284;1909;33800;Buang;15;4;3
271351;Khuangleng;15;284;1909;33900;Khuangleng;15;4;3
271352;Bulfekzawl;15;284;1909;34000;Bulfekzawl;15;4;3
271353;Hruaikawn (old);15;284;1909;34100;Hruaikawn (old);15;4;3
271354;Hruaikawn (New);15;284;1909;34200;Hruaikawn (New);15;4;3
271355;Sesih;15;284;1909;34300;Sesih;15;4;3
271356;Leisenzo;15;284;1909;34400;Leisenzo;15;4;3
271357;Bungzung;15;284;1909;34500;Bungzung;15;4;3
271358;Vanzau;15;284;1909;34600;Vanzau;15;4;3
271359;Dungtlang (old);15;284;1909;34700;Dungtlang (old);15;4;3
271360;Dungtlang (New);15;284;1909;34800;Dungtlang (New);15;4;3
271361;Leithum;15;284;1909;34900;Leithum;15;4;3
271362;Sazep;15;284;1909;35000;Sazep;15;4;3
271363;Lianpui;15;284;1909;35100;Lianpui;15;4;3
271364;Vangchhia;15;284;1909;35200;Vangchhia;15;4;3
271365;Vaphai;15;284;1909;35300;Vaphai;15;4;3
271366;Samthang (old);15;284;1909;35400;Samthang (old);15;4;3
271367;Samthang (New);15;284;1909;35500;Samthang (New);15;4;3
271368;S.Khawbung;15;284;1909;35600;S.Khawbung;15;4;3
271369;Zawlsei;15;284;1909;35700;Zawlsei;15;4;3
271370;E.Chawngtui;15;284;1909;35800;E.Chawngtui;15;4;3
271371;Farkawn;15;284;1909;35900;Farkawn;15;4;3
271372;Thekte;15;284;1909;36000;Thekte;15;4;3
271373;Khankawn;15;284;1909;36100;Khankawn;15;4;3
271374;Thekpui;15;284;1909;36200;Thekpui;15;4;3
271375;Khuangthing;15;284;1909;36300;Khuangthing;15;4;3
271376;Tlangpui;15;284;1911;36400;Tlangpui;15;4;92
271377;Sialhawk;15;284;1911;36500;Sialhawk;15;4;92
271378;Riangtlei;15;284;1911;36600;Riangtlei;15;4;92
271379;Khumtung;15;285;1905;38400;Khumtung;15;5;91
271380;Hualtu;15;285;1905;38500;Hualtu;15;5;91
271381;Chanin;15;285;1905;38600;Chanin;15;5;91
271382;Baktawng;15;285;1905;38700;Baktawng;15;5;91
271383;Buhkangkawn;15;285;1905;38800;Buhkangkawn;15;5;91
271384;Hmawngkawn;15;285;1905;38900;Hmawngkawn;15;5;91
271385;N.Chawilung;15;285;1905;39000;N.Chawilung;15;5;91
271386;Chhingchhip;15;285;1910;36700;Chhingchhip;15;5;1
271387;Khawbel;15;285;1910;36800;Khawbel;15;5;1
271388;Hmuntha;15;285;1910;36900;Hmuntha;15;5;1
271389;Rullam;15;285;1910;37000;Rullam;15;5;1
271390;Thentlang;15;285;1910;37100;Thentlang;15;5;1
271391;Sialhau;15;285;1910;37200;Sialhau;15;5;1
271392;Lungpho;15;285;1910;37300;Lungpho;15;5;1
271393;Ngentiang;15;285;1910;37400;Ngentiang;15;5;1
271394;E.Thinglian;15;285;1910;37500;E.Thinglian;15;5;1
271395;Hmunzawl;15;285;1910;37600;Hmunzawl;15;5;1
271396;Hriangtlang;15;285;1910;37700;Hriangtlang;15;5;1
271397;Vanchengte;15;285;1910;37800;Vanchengte;15;5;1
271398;Bawngchawm;15;285;1910;37900;Bawngchawm;15;5;1
271399;Keitum;15;285;1910;38000;Keitum;15;5;1
271400;E.Bungtlang;15;285;1910;38100;E.Bungtlang;15;5;1
271401;Buangpui;15;285;1910;38200;Buangpui;15;5;1
271402;Neihloh;15;285;1910;38300;Neihloh;15;5;1
271403;Vanchengpui;15;285;1910;31800;Vanchengpui;15;4;2
271404;E.Lungdar;15;285;1911;39100;E.Lungdar;15;5;92
271405;N.Mualcheng;15;285;1911;39200;N.Mualcheng;15;5;92
271406;Chekawn;15;285;1911;39300;Chekawn;15;5;92
271407;Khawlailung;15;285;1911;39400;Khawlailung;15;5;92
271408;Piler;15;285;1911;39500;Piler;15;5;92
271409;Tuichang;15;285;1911;39600;Tuichang;15;5;92
271410;Sialsir;15;285;1911;39700;Sialsir;15;5;92
271411;Lungchhuan;15;285;1911;39800;Lungchhuan;15;5;92
271412;Bawktlang;15;285;1911;39900;Bawktlang;15;5;92
271413;Leng;15;285;1911;40000;Leng;15;5;92
271414;Sailulak;15;285;1911;40100;Sailulak;15;5;92
271415;Puallawi;15;285;1911;40200;Puallawi;15;5;92
271416;Leilet N.V;15;285;1911;40300;Leilet N.V;15;5;92
271417;Lungkawlh;15;285;1911;40400;Lungkawlh;15;5;92
271418;Maicham;15;285;1911;40500;Maicham;15;5;92
271419;Mar’S’;15;286;1912;40600;Mar’S’;15;6;1
271420;Terabonia;15;286;1912;40700;Terabonia;15;6;1
271421;Sesawm;15;286;1912;40800;Sesawm;15;6;1
271422;Laisawral;15;286;1912;40900;Laisawral;15;6;1
271423;Kohzai;15;286;1912;41000;Kohzai;15;6;1
271424;Darngawn;15;286;1912;41100;Darngawn;15;6;1
271425;Dengsur;15;286;1912;41200;Dengsur;15;6;1
271426;S.Khawlek;15;286;1912;41300;S.Khawlek;15;6;1
271427;New.Khawlek;15;286;1912;41400;New.Khawlek;15;6;1
271428;Buarpui;15;286;1912;41500;Buarpui;15;6;1
271429;W.Bungtlang;15;286;1912;41600;W.Bungtlang;15;6;1
271430;S.Dampui;15;286;1912;41700;S.Dampui;15;6;1
271431;Kawnpui W;15;286;1912;41800;Kawnpui W;15;6;1
271432;Tleu;15;286;1912;41900;Tleu;15;6;1
271433;Thenhlum;15;286;1912;42000;Thenhlum;15;6;1
271434;Kawlhawk;15;286;1912;42100;Kawlhawk;15;6;1
271435;Changpui;15;286;1912;42200;Changpui;15;6;1
271436;Lungchem;15;286;1912;42300;Lungchem;15;6;1
271437;W.Bunghmun;15;286;1912;42400;W.Bunghmun;15;6;1
271438;Sachan;15;286;1912;42500;Sachan;15;6;1
271439;New Sachan;15;286;1912;42600;New Sachan;15;6;1
271440;Phainuam;15;286;1912;42700;Phainuam;15;6;1
271441;Machuasora;15;286;1912;42800;Machuasora;15;6;1
271442;Salmar;15;286;1912;42900;Salmar;15;6;1
271443;Mauzam;15;286;1912;43000;Mauzam;15;6;1
271444;Bandiasora;15;286;1912;43100;Bandiasora;15;6;1
271445;Saisen;15;286;1912;43200;Saisen;15;6;1
271446;Devasuri;15;286;1912;43300;Devasuri;15;6;1
271447;Hnahkhai;15;286;1912;43400;Hnahkhai;15;6;1
271448;Malsuri;15;286;1912;43500;Malsuri;15;6;1
271449;Puankhai;15;286;1912;43600;Puankhai;15;6;1
271450;Lokisuri;15;286;1912;43700;Lokisuri;15;6;1
271451;New Belkhai (Tuikawi);15;286;1912;43800;New Belkhai (Tuikawi);15;6;1
271452;Sumasumi;15;286;1912;43900;Sumasumi;15;6;1
271453;Thingkhim;15;286;1912;44000;Thingkhim;15;6;1
271454;S.Belkhai;15;286;1912;44100;S.Belkhai;15;6;1
271455;Sertlangpui;15;286;1912;44200;Sertlangpui;15;6;1
271456;Serte;15;286;1912;44300;Serte;15;6;1
271457;S.Lungdai;15;286;1912;44400;S.Lungdai;15;6;1
271458;Hmundo;15;286;1912;44500;Hmundo;15;6;1
271459;Ukdasuri (Tuilet);15;286;1913;44600;Ukdasuri (Tuilet);15;6;2
271460;Vanzawl;15;286;1913;44700;Vanzawl;15;6;2
271461;Zuangzawl;15;286;1913;44800;Zuangzawl;15;6;2
271462;Samuksuri(Chengkawllui);15;286;1913;44900;Samuksuri(Chengkawllui);15;6;2
271463;Sugarbasora;15;286;1913;45000;Sugarbasora;15;6;2
271464;Diplibagh(Kawizau);15;286;1913;45100;Diplibagh(Kawizau);15;6;2
271465;Tuichawngchhuah;15;286;1913;45200;Tuichawngchhuah;15;6;2
271466;Tuichawng;15;286;1913;45300;Tuichawng;15;6;2
271467;Rolui;15;286;1913;45400;Rolui;15;6;2
271468;Andermanik;15;286;1913;45500;Andermanik;15;6;2
271469;Sihphirtlang;15;286;1913;45600;Sihphirtlang;15;6;2
271470;Phairuangchhuah;15;286;1913;45700;Phairuangchhuah;15;6;2
271471;Mualmu;15;286;1913;45800;Mualmu;15;6;2
271472;Kauchhuah;15;286;1913;45900;Kauchhuah;15;6;2
271473;Putlungasih;15;286;1913;46000;Putlungasih;15;6;2
271474;Belthei;15;286;1913;46100;Belthei;15;6;2
271475;Lungsen;15;286;1913;46200;Lungsen;15;6;2
271476;Chhuahthum;15;286;1913;46300;Chhuahthum;15;6;2
271477;Kumraghat;15;286;1913;46400;Kumraghat;15;6;2
271478;Dinthar;15;286;1913;46500;Dinthar;15;6;2
271479;Gurusora;15;286;1913;46600;Gurusora;15;6;2
271480;Borahorinachhuah;15;286;1913;46700;Borahorinachhuah;15;6;2
271481;Balukiasuri;15;286;1913;46800;Balukiasuri;15;6;2
271482;New.Balukiasuri;15;286;1913;46900;New.Balukiasuri;15;6;2
271483;Lamthai III;15;286;1913;47000;Lamthai III;15;6;2
271484;Lamthai II;15;286;1913;47100;Lamthai II;15;6;2
271485;Lamthai I;15;286;1913;47200;Lamthai I;15;6;2
271486;Serhuan;15;286;1913;47300;Serhuan;15;6;2
271487;Nunsuri;15;286;1913;47400;Nunsuri;15;6;2
271488;Champasuri;15;286;1913;47500;Champasuri;15;6;2
271489;Muriskata;15;286;1913;47600;Muriskata;15;6;2
271490;Bindiasora;15;286;1913;47700;Bindiasora;15;6;2
271491;Thekaduar;15;286;1913;47800;Thekaduar;15;6;2
271492;Khangrasuri;15;286;1913;47900;Khangrasuri;15;6;2
271493;Balungsuri;15;286;1913;48000;Balungsuri;15;6;2
271494;Zohmun;15;286;1913;48100;Zohmun;15;6;2
271495;Chhumkhum;15;286;1913;48200;Chhumkhum;15;6;2
271496;Benga Veng;15;286;1913;48300;Benga Veng;15;6;2
271497;Mautlang;15;286;1913;48400;Mautlang;15;6;2
271498;Phairuangkai;15;286;1913;48500;Phairuangkai;15;6;2
271499;W.Rotlang;15;286;1913;48600;W.Rotlang;15;6;2
271500;Rangte;15;286;1913;48700;Rangte;15;6;2
271501;Khojoisuri  (New);15;286;1913;48800;Khojoisuri  (New);15;6;2
271502;Khojoisuri Old;15;286;1913;48900;Khojoisuri Old;15;6;2
271503;Silkur;15;286;1913;49000;Silkur;15;6;2
271504;Borsegojasora;15;286;1913;49100;Borsegojasora;15;6;2
271505;Tiperaghat  III;15;286;1913;49200;Tiperaghat  III;15;6;2
271506;Tiperaghat  II;15;286;1913;49300;Tiperaghat  II;15;6;2
271507;Tiperaghat I;15;286;1913;49400;Tiperaghat I;15;6;2
271508;Thumbasora;15;286;1913;49500;Thumbasora;15;6;2
271509;Letisuri;15;286;1913;49600;Letisuri;15;6;2
271510;Khojaisuri;15;286;1913;49700;Khojaisuri;15;6;2
271511;Bornasuri;15;286;1913;49800;Bornasuri;15;6;2
271512;S.Chawilung;15;286;1913;49900;S.Chawilung;15;6;2
271513;Thanzamasora;15;286;1913;50000;Thanzamasora;15;6;2
271514;South Lungrang;15;286;1913;50100;South Lungrang;15;6;2
271515;Sailen;15;286;1913;50200;Sailen;15;6;2
271516;Zehtet;15;286;1913;50300;Zehtet;15;6;2
271517;Sedailui;15;286;1913;50400;Sedailui;15;6;2
271518;Lalnutui;15;286;1913;50500;Lalnutui;15;6;2
271519;Rualalung;15;286;1913;50600;Rualalung;15;6;2
271520;Vairawkai;15;286;1913;50700;Vairawkai;15;6;2
271521;Gulsil;15;286;1913;50800;Gulsil;15;6;2
271522;Chawngte”L”;15;286;1913;50900;Chawngte”L”;15;6;2
271523;Hmunthar;15;286;1913;51000;Hmunthar;15;6;2
271524;Sihtlang;15;286;1913;51100;Sihtlang;15;6;2
271525;Damlui;15;286;1913;51200;Damlui;15;6;2
271526;S.Tlangkhang;15;286;1913;51300;S.Tlangkhang;15;6;2
271527;Samang;15;286;1913;51400;Samang;15;6;2
271528;Khawmawi;15;286;1913;51500;Khawmawi;15;6;2
271529;Kalapani;15;286;1913;51600;Kalapani;15;6;2
271530;New.Vuakmual;15;286;1913;51700;New.Vuakmual;15;6;2
271531;Pangtlang;15;286;1913;51800;Pangtlang;15;6;2
271532;Saitumkawn;15;286;1913;51900;Saitumkawn;15;6;2
271533;Zawlpui;15;286;1913;52000;Zawlpui;15;6;2
271534;Hruizam;15;286;1913;52100;Hruizam;15;6;2
271535;Tuisen Bolia;15;286;1913;52200;Tuisen Bolia;15;6;2
271536;Tuisen chhuah;15;286;1913;52300;Tuisen chhuah;15;6;2
271537;Belpei(Matiasora);15;286;1913;52400;Belpei(Matiasora);15;6;2
271538;New Lungrang;15;286;1913;;;15;6;2
271539;Vuakmual;15;286;1913;;;15;6;2
271540;Ngiautlang;15;286;1913;;;15;6;2
271541;S.Kanghmun;15;286;1914;52500;S.Kanghmun;15;6;3
271542;S.Zote;15;286;1914;52600;S.Zote;15;6;3
271543;S.Lunglei;15;286;1914;52700;S.Lunglei;15;6;3
271544;Ramlaitui;15;286;1914;52800;Ramlaitui;15;6;3
271545;Chhipphir;15;286;1914;52900;Chhipphir;15;6;3
271546;Sekhum ;15;286;1914;53000;Sekhum ;15;6;3
271547;N.Mualthuam;15;286;1914;53100;N.Mualthuam;15;6;3
271548;Bualpui’V’;15;286;1914;53200;Bualpui’V’;15;6;3
271549;Lungmawi;15;286;1914;53300;Lungmawi;15;6;3
271550;Hmuntlang;15;286;1914;53400;Hmuntlang;15;6;3
271551;Haulawng;15;286;1914;53500;Haulawng;15;6;3
271552;Mausen;15;286;1914;53600;Mausen;15;6;3
271553;S.Phaileng;15;286;1914;53700;S.Phaileng;15;6;3
271554;Zotuitlang;15;286;1914;53800;Zotuitlang;15;6;3
271555;Valcheng;15;286;1914;53900;Valcheng;15;6;3
271556;Thuampui;15;286;1914;54000;Thuampui;15;6;3
271557;Chengpui;15;286;1914;54100;Chengpui;15;6;3
271558;Saza I.B;15;286;1914;54200;Saza I.B;15;6;3
271559;Kawmzawl;15;286;1914;54300;Kawmzawl;15;6;3
271560;Vanhne;15;286;1914;54400;Vanhne;15;6;3
271561;Siallu Cattle Farm;15;286;1914;54500;Siallu Cattle Farm;15;6;3
271562;Ralvawng;15;286;1914;54600;Ralvawng;15;6;3
271563;Matbawk;15;286;1914;54700;Matbawk;15;6;3
271564;Dawn;15;286;1914;54800;Dawn;15;6;3
271565;New.Dawn;15;286;1914;54900;New.Dawn;15;6;3
271566;Thehlep;15;286;1914;55000;Thehlep;15;6;3
271567;Pachang;15;286;1914;55100;Pachang;15;6;3
271568;Runtung;15;286;1914;55200;Runtung;15;6;3
271569;Chithar;15;286;1914;55300;Chithar;15;6;3
271570;Buknuam;15;286;1914;55400;Buknuam;15;6;3
271571;Vaisam;15;286;1914;55500;Vaisam;15;6;3
271572;Sairep;15;286;1914;55600;Sairep;15;6;3
271573;Thaizawl;15;286;1914;55700;Thaizawl;15;6;3
271574;Hlumte;15;286;1914;55800;Hlumte;15;6;3
271575;Bualte;15;286;1914;55900;Bualte;15;6;3
271576;Bualte Bawk;15;286;1914;56000;Bualte Bawk;15;6;3
271577;Thangpui;15;286;1914;56100;Thangpui;15;6;3
271578;Thangte;15;286;1914;56200;Thangte;15;6;3
271579;Thualthu;15;286;1914;56300;Thualthu;15;6;3
271580;Mualthuam’S’;15;286;1914;56400;Mualthuam’S’;15;6;3
271581;Herhse;15;286;1914;56600;Herhse;15;6;3
271582;S.Mualcheng;15;286;1914;56700;S.Mualcheng;15;6;3
271583;S.Tawipui;15;286;1914;56800;S.Tawipui;15;6;3
271584;Thlengang;15;286;1914;56900;Thlengang;15;6;3
271585;Mamte;15;286;1914;57000;Mamte;15;6;3
271586;Thingfal;15;286;1914;57100;Thingfal;15;6;3
271587;Tawipui 'N'  I;15;286;1914;56500;N.Tawipui;15;6;3
271588;Tawipui 'N'  II;15;286;1914;56500;N.Tawipui;15;6;3
271589;Rawpui;15;286;1915;57200;Rawpui;15;6;4
271590;Khawnglung;15;286;1915;57300;Khawnglung;15;6;4
271591;Pangzawl;15;286;1915;57400;Pangzawl;15;6;4
271592;Thiltlang;15;286;1915;57500;Thiltlang;15;6;4
271593;Khawhlum;15;286;1915;57600;Khawhlum;15;6;4
271594;S.Chawngtui;15;286;1915;57700;S.Chawngtui;15;6;4
271595;Tarpho;15;286;1915;57800;Tarpho;15;6;4
271596;Khawhri;15;286;1915;57900;Khawhri;15;6;4
271597;Aithur;15;286;1915;58000;Aithur;15;6;4
271598;Cherhlun;15;286;1915;58100;Cherhlun;15;6;4
271599;Old Ngharchhip;15;286;1915;58200;Old Ngharchhip;15;6;4
271600;New Ngharchhip;15;286;1915;58300;New Ngharchhip;15;6;4
271601;Thingsai;15;286;1915;58400;Thingsai;15;6;4
271602;Bualpui H;15;286;1915;58500;Bualpui H;15;6;4
271603;S.Lungleng;15;286;1915;58600;S.Lungleng;15;6;4
271604;Denlung;15;286;1915;58700;Denlung;15;6;4
271605;Kutkawk;15;286;1915;58800;Kutkawk;15;6;4
271606;Leite;15;286;1915;58900;Leite;15;6;4
271607;Maudarh;15;286;1915;59000;Maudarh;15;6;4
271608;E.Rotlang;15;286;1915;59100;E.Rotlang;15;6;4
271609;Tuipui(Darzokai);15;286;1915;59200;Tuipui(Darzokai);15;6;4
271610;Darzo;15;286;1915;59300;Darzo;15;6;4
271611;Muallianpui;15;286;1915;59400;Muallianpui;15;6;4
271612;Lungpuitlang;15;286;1915;59500;Lungpuitlang;15;6;4
271613;S.Vanlaiphai;15;286;1915;59600;S.Vanlaiphai;15;6;4
271614;Boronasury;15;287;1916;59700;Boronasury;15;7;1
271615;Kurbalavasora;15;287;1916;59800;Kurbalavasora;15;7;1
271616;Borapansury   I;15;287;1916;59900;Borapansury   I;15;7;1
271617;Borapansury II;15;287;1916;60000;Borapansury II;15;7;1
271618;Ugulsury;15;287;1916;60100;Ugulsury;15;7;1
271619;Rajmandal I;15;287;1916;60200;Rajmandal I;15;7;1
271620;Rajmandal  II;15;287;1916;60300;Rajmandal  II;15;7;1
271621;Ugudasury;15;287;1916;60400;Ugudasury;15;7;1
271622;Montola;15;287;1916;60500;Montola;15;7;1
271623;Ngharum;15;287;1916;60600;Ngharum;15;7;1
271624;Silsury;15;287;1916;60700;Silsury;15;7;1
271625;Tongasora;15;287;1916;60800;Tongasora;15;7;1
271626;Chhotapansury;15;287;1916;60900;Chhotapansury;15;7;1
271627;Songrasury;15;287;1916;61000;Songrasury;15;7;1
271628;W.Saizawh;15;287;1916;61100;W.Saizawh;15;7;1
271629;Boganpara;15;287;1916;61200;Boganpara;15;7;1
271630;Bajeisora;15;287;1916;61300;Bajeisora;15;7;1
271631;Kamlanagar II (Chawngte C II);15;287;1916;61400;Kamlanagar II (Chawngte C II);15;7;1
271632;Kamlanagar III (Chawngte C III);15;287;1916;61500;Kamlanagar III (Chawngte C III);15;7;1
271633;Kamlanagar I (Chawngte C I);15;287;1916;61600;Kamlanagar I (Chawngte C I;15;7;1
271634;Old Bajeisora;15;287;1916;61700;Old Bajeisora;15;7;1
271635;Nalbanya;15;287;1916;61800;Nalbanya;15;7;1
271636;Gulsingbabsora;15;287;1916;61900;Gulsingbabsora;15;7;1
271637;Nagdarasora;15;287;1916;62000;Nagdarasora;15;7;1
271638;Geraguluksora;15;287;1916;62100;Geraguluksora;15;7;1
271639;Udalthana II;15;287;1916;62200;Udalthana II;15;7;1
271640;Udalthana I;15;287;1916;62300;Udalthana I;15;7;1
271641;Bormon;15;287;1916;62400;Bormon;15;7;1
271642;Jarulsury;15;287;1916;62500;Jarulsury;15;7;1
271643;Ugudasury ‘S’;15;287;1916;62600;Ugudasury ‘S’;15;7;1
271644;Adubangasora;15;287;1916;62700;Adubangasora;15;7;1
271645;Jamersury(Serlui);15;287;1916;62800;Jamersury(Serlui);15;7;1
271646;Bungkawn ‘S’;15;287;1916;62900;Bungkawn ‘S’;15;7;1
271647;Kukurduleya;15;287;1916;63000;Kukurduleya;15;7;1
271648;Ulusury;15;287;1916;63100;Ulusury;15;7;1
271649;Mandirasora;15;287;1916;63200;Mandirasora;15;7;1
271650;Mainababsora I;15;287;1916;63300;Mainababsora I;15;7;1
271651;Peglababsora;15;287;1916;63400;Peglababsora;15;7;1
271652;Mainababsora II;15;287;1916;63500;Mainababsora II;15;7;1
271653;Bortuli;15;287;1916;63600;Bortuli;15;7;1
271654;Borakabakhali;15;287;1916;63700;Borakabakhali;15;7;1
271655;Ajasora;15;287;1916;63800;Ajasora;15;7;1
271656;Borkolok;15;287;1916;63900;Borkolok;15;7;1
271657;Simeisuri;15;287;1916;64000;Simeisuri;15;7;1
271658;Vaseitlang I;15;287;1916;64100;Vaseitlang I;15;7;1
271659;Vaseitlang II;15;287;1916;64200;Vaseitlang II;15;7;1
271660;Golasuri;15;287;1916;64300;Golasuri;15;7;1
271661;Betbonya;15;287;1916;64400;Betbonya;15;7;1
271662;Rengashya;15;287;1916;64500;Rengashya;15;7;1
271663;Longpuighat;15;287;1916;64600;Longpuighat;15;7;1
271664;Futsury;15;287;1916;64700;Futsury;15;7;1
271665;Chaminisora;15;287;1916;64800;Chaminisora;15;7;1
271666;Charluitlang;15;287;1916;64900;Charluitlang;15;7;1
271667;Lokhisuri;15;287;1916;65000;Lokhisuri;15;7;1
271668;Devasora;15;287;1916;65100;Devasora;15;7;1
271669;Futsora;15;287;1916;65200;Futsora;15;7;1
271670;Ludisora;15;287;1916;65300;Ludisora;15;7;1
271671;Gerasury;15;287;1916;65400;Gerasury;15;7;1
271672;Chhotaguisuri I;15;287;1916;65500;Chhotaguisuri I;15;7;1
271673;Chhotaguisuri II;15;287;1916;65600;Chhotaguisuri II;15;7;1
271674;Silbanga;15;287;1916;65700;Silbanga;15;7;1
271675;Pablakhali;15;287;1916;65800;Pablakhali;15;7;1
271676;Jaruldulbasora;15;287;1916;65900;Jaruldulbasora;15;7;1
271677;Dursora;15;287;1916;66000;Dursora;15;7;1
271678;Boraituli;15;287;1916;66100;Boraituli;15;7;1
271679;Damdep I (New Jognasuri I);15;287;1916;66200;Damdep I (New Jognasuri I);15;7;1
271680;Damdep II (New Jognasuri II);15;287;1916;66300;Damdep II (New Jognasuri II);15;7;1
271681;Boraguisuri;15;287;1916;66400;Boraguisuri;15;7;1
271682;Chhippui(Fultuli);15;287;1916;66500;Chhippui(Fultuli);15;7;1
271683;New Chhippui;15;287;1916;66600;New Chhippui;15;7;1
271684;Bilosora;15;287;1916;66700;Bilosora;15;7;1
271685;Silosora;15;287;1916;66800;Silosora;15;7;1
271686;Devasora ‘S’;15;287;1916;66900;Devasora ‘S’;15;7;1
271687;Parva I;15;287;1916;67000;Parva I;15;7;1
271688;Parva II ;15;287;1916;67100;Parva II ;15;7;1
271689;Parva III;15;287;1916;67200;Parva III;15;7;1
271690;Kamtuli;15;287;1916;67300;Kamtuli;15;7;1
271691;Gobabsuri;15;287;1916;67400;Gobabsuri;15;7;1
271692;Bondukbangsora;15;287;1916;67500;Bondukbangsora;15;7;1
271693;Simeinasora;15;287;1916;67600;Simeinasora;15;7;1
271694;Duduksora;15;287;1916;67700;Duduksora;15;7;1
271695;Kamalanagar IV;15;287;1916;;;15;7;1
271696;Ajasora III;15;287;1916;;;15;7;1
271697;Ajasora II;15;287;1916;;;15;7;1
271698;Chawngte ‘P’;15;287;1917;67800;Chawngte ‘P’;15;7;2
271699;Tuikhurlui;15;287;1917;67900;Tuikhurlui;15;7;2
271700;Hmunlai;15;287;1917;68000;Hmunlai;15;7;2
271701;Mualbu ‘L’;15;287;1917;68100;Mualbu ‘L’;15;7;2
271702;Sumsilui;15;287;1917;68200;Sumsilui;15;7;2
271703;Sakeilui I;15;287;1917;68300;Sakeilui I;15;7;2
271704;Sakeilui II;15;287;1917;68400;Sakeilui II;15;7;2
271705;Chawngtelui;15;287;1917;68700;Chawngtelui;15;7;2
271706;Diltlang ‘S’;15;287;1917;68800;Diltlang ‘S’;15;7;2
271707;Ngengpuikai;15;287;1917;68900;Ngengpuikai;15;7;2
271708;Mampui;15;287;1917;69000;Mampui;15;7;2
271709;Saikah;15;287;1917;69100;Saikah;15;7;2
271710;Tuipui I.B;15;287;1917;69200;Tuipui I.B;15;7;2
271711;Chawntlangpui;15;287;1917;69300;Chawntlangpui;15;7;2
271712;‘S’ Chawnpui;15;287;1917;69400;‘S’ Chawnpui;15;7;2
271713;Paithar;15;287;1917;69500;Paithar;15;7;2
271714;Sihtlangpui;15;287;1917;69600;Sihtlangpui;15;7;2
271715;Vanhne ‘R’;15;287;1917;69700;Vanhne ‘R’;15;7;2
271716;Rulkual;15;287;1917;69800;Rulkual;15;7;2
271717;Kawlchaw ‘W’;15;287;1917;69900;Kawlchaw ‘W’;15;7;2
271718;Liapha;15;287;1917;70000;Liapha;15;7;2
271719;Saizawh ‘E’;15;287;1917;70100;Saizawh ‘E’;15;7;2
271720;Kawrthindeng;15;287;1917;71300;Kawrthindeng;15;7;2
271721;Darnamtlang;15;287;1917;71500;Darnamtlang;15;7;2
271722;Lalmonaveng;15;287;1917;71700;Lalmonaveng;15;7;2
271723;Hruitezawl;15;287;1917;72000;Hruitezawl;15;7;2
271724;Tuithumhnar;15;287;1917;72100;Tuithumhnar;15;7;2
271725;Lawnglang;15;287;1917;72200;Lawnglang;15;7;2
271726;Lunghauka;15;287;1917;72300;Lunghauka;15;7;2
271727;Gobasora;15;287;1917;73100;Gobasora;15;7;2
271728;Hmawngbu;15;287;1917;73600;Hmawngbu;15;7;2
271729;Hmawngbuchhuah;15;287;1917;73700;Hmawngbuchhuah;15;7;2
271730;Kakichhuah;15;287;1917;73800;Kakichhuah;15;7;2
271731;Zochawchhuah;15;287;1917;73900;Zochawchhuah;15;7;2
271732;Sabualtlang;15;287;1917;74000;Sabualtlang;15;7;2
271733;Lawngtlaikai;15;287;1917;74100;Lawngtlaikai;15;7;2
271734;Ngengpuitlang;15;287;1917;71400;Ngengpuitlang;15;7;2
271735;Tuidangtlang;15;287;1917;71400;Ngengpuitlang;15;7;2
271736;Jognasuri;15;287;1918;68500;Jognasuri;15;7;2
271737;Karlui;15;287;1918;68600;Karlui;15;7;2
271738;S.Bungtlang;15;287;1918;70200;S.Bungtlang;15;7;2
271739;Saikhawthlir;15;287;1918;70300;Saikhawthlir;15;7;2
271740;Hmunnuam;15;287;1918;70400;Hmunnuam;15;7;2
271741;Pandawnglui;15;287;1918;70500;Pandawnglui;15;7;2
271742;Damlui;15;287;1918;70600;Damlui;15;7;2
271743;Nghalimlui;15;287;1918;70700;Nghalimlui;15;7;2
271744;Vaseikai;15;287;1918;70800;Vaseikai;15;7;2
271745;Saibawh;15;287;1918;70900;Saibawh;15;7;2
271746;Fangfarlui;15;287;1918;71000;Fangfarlui;15;7;2
271747;M.Kawnpui;15;287;1918;71100;M.Kawnpui;15;7;2
271748;Sekulh;15;287;1918;71200;Sekulh;15;7;2
271749;Chikhurlui;15;287;1918;71600;Chikhurlui;15;7;2
271750;Balisora;15;287;1918;71800;Balisora;15;7;2
271751;Vathuampui;15;287;1918;71900;Vathuampui;15;7;2
271752;Chamdur ‘P’ I;15;287;1918;72400;Chamdur ‘P’ I;15;7;2
271753;Chamdur ‘P’ II;15;287;1918;72500;Chamdur ‘P’ II;15;7;2
271754;Chamdurtlang I;15;287;1918;72600;Chamdurtlang I;15;7;2
271755;Chamdurtlang II;15;287;1918;72700;Chamdurtlang II;15;7;2
271756;Mautlang;15;287;1918;72800;Mautlang;15;7;2
271757;Ngunlingkhua;15;287;1918;72900;Ngunlingkhua;15;7;2
271758;Tuisentlang;15;287;1918;73000;Tuisentlang;15;7;2
271759;Dumzautlang;15;287;1918;73200;Dumzautlang;15;7;2
271760;Dumzau I;15;287;1918;73300;Dumzau I;15;7;2
271761;Tuichawngtlang;15;287;1918;73400;Tuichawngtlang;15;7;2
271762;Laitlang;15;287;1918;73500;Laitlang;15;7;2
271763;Vartekkai;15;287;1919;74300;Vartekkai;15;8;1
271764;Vartek;15;287;1919;74400;Vartek;15;8;1
271765;Lungtian;15;287;1919;74500;Lungtian;15;8;1
271766;Cheural;15;287;1919;74600;Cheural;15;8;1
271767;Rawlbuk;15;287;1919;74700;Rawlbuk;15;8;1
271768;Fungkah;15;287;1919;74800;Fungkah;15;8;1
271769;Lungpher;15;287;1919;74900;Lungpher;15;8;1
271770;Siachangkawn;15;287;1919;75000;Siachangkawn;15;8;1
271771;Bualpui NG ‘W’;15;287;1919;75100;Bualpui NG ‘W’;15;8;1
271772;Bualpui NG ‘E’;15;287;1919;75200;Bualpui NG ‘E’;15;8;1
271773;Lungzarhtum;15;287;1919;75300;Lungzarhtum;15;8;1
271774;Tialdawngi Lung;15;287;1919;75400;Tialdawngi Lung;15;8;1
271775;Vawmbuk;15;287;1919;75500;Vawmbuk;15;8;1
271776;Archhuang;15;287;1919;75600;Archhuang;15;8;1
271777;Thaltlang;15;287;1919;75700;Thaltlang;15;8;1
271778;Sentetfiang;15;287;1919;75800;Sentetfiang;15;8;1
271779;Sangau ‘W’;15;287;1919;75900;Sangau ‘W’;15;8;1
271780;Sangau ‘E’;15;287;1919;76000;Sangau ‘E’;15;8;1
271781;Pangkhua;15;287;1919;76100;Pangkhua;15;8;1
271782;Saihatlang;15;288;1920;76700;Saihatlang;15;8;2
271783;Upper Theiva;15;288;1920;77300;Upper Theiva;15;8;2
271784;Tema;15;288;1920;77800;Tema;15;8;2
271785;Tuisih;15;288;1920;78100;Tuisih;15;8;2
271786;Theiri;15;288;1920;78200;Theiri;15;8;2
271787;Serkawr;15;288;1920;78300;Serkawr;15;8;2
271788;Latawh Old;15;288;1920;78400;Latawh Old;15;8;2
271789;New Serkawr;15;288;1920;78500;New Serkawr;15;8;2
271790;New Latawh;15;288;1920;78600;New Latawh;15;8;2
271791;Tuipang ‘L’;15;288;1920;78700;Tuipang ‘L’;15;8;2
271792;Tuipang ‘V’;15;288;1920;78800;Tuipang ‘V’;15;8;2
271793;Dairy Veng Tuipang;15;288;1920;78900;Dairy Veng Tuipang;15;8;2
271794;Siatlai;15;288;1920;79000;Siatlai;15;8;2
271795;Zawngling;15;288;1920;79100;Zawngling;15;8;2
271796;Chheihlu;15;288;1920;79200;Chheihlu;15;8;2
271797;Chakhang;15;288;1920;79300;Chakhang;15;8;2
271798;Siasi;15;288;1920;79400;Siasi;15;8;2
271799;Mawhre;15;288;1920;79500;Mawhre;15;8;2
271800;Chapui;15;288;1920;79600;Chapui;15;8;2
271801;Khopai;15;288;1920;79700;Khopai;15;8;2
271802;Ahmypi;15;288;1920;79800;Ahmypi;15;8;2
271803;Kaisih;15;288;1920;79900;Kaisih;15;8;2
271804;Kaisih New;15;288;1920;80000;Kaisih New;15;8;2
271805;Maila;15;288;1920;80100;Maila;15;8;2
271806;Lehri (New Latawh);15;288;1920;80200;Lehri (New Latawh);15;8;2
271807;Lawngban;15;288;1920;80300;Lawngban;15;8;2
271808;Lungdar(Lodaw);15;288;1920;80400;Lungdar(Lodaw);15;8;2
271809;Sarai;15;288;1920;80500;Sarai;15;8;2
271810;Isa;15;288;1920;80600;Isa;15;8;2
271811;Phura;15;288;1920;80700;Phura;15;8;2
271812;Vahai;15;288;1920;80800;Vahai;15;8;2
271813;Tongkolong;15;288;1920;80900;Tongkolong;15;8;2
271814;Mipu;15;288;1920;81000;Mipu;15;8;2
271815;Laki;15;288;1920;81100;Laki;15;8;2
271816;Supha;15;288;1920;81200;Supha;15;8;2
271817;Longmasu;15;288;1920;81300;Longmasu;15;8;2
271818;Bymari;15;288;1920;81400;Bymari;15;8;2
271819;Lope (Zyhne);15;288;1920;81500;Lope (Zyhne);15;8;2
271820;Lungpuk;15;288;1920;81600;Lungpuk;15;8;2
271821;Khaikhy;15;288;1920;81700;Khaikhy;15;8;2
271822;Leisai;15;288;1920;81700;Khaikhy;15;8;2
271823;Phalhrang;15;288;1921;76200;Phalhrang;15;8;2
271824;Rawmibawk;15;288;1921;76300;Rawmibawk(Amotla);15;8;2
271825;Riasikah;15;288;1921;76500;Riasikah;15;8;2
271826;Tuipui Ferry;15;288;1921;76600;Tuipui Ferry;15;8;2
271827;Zeropoint;15;288;1921;76800;Zeropoint;15;8;2
271828;Maubawk ‘L’;15;288;1921;76900;Maubawk ‘L’;15;8;2
271829;Maubawk ‘CH’;15;288;1921;77000;Maubawk ‘CH’;15;8;2
271830;Kawlchaw  ‘E’;15;288;1921;77100;Kawlchaw  ‘E’;15;8;2
271831;Lower Theiva;15;288;1921;77200;Lower Theiva;15;8;2
271832;Lungbun;15;288;1921;77500;Lungbun;15;8;2
271833;Phusa;15;288;1921;77700;Phusa;15;8;2
271834;Ainak;15;288;1921;77900;Ainak;15;8;2
271835;Siata;15;288;1921;78000;Siata;15;8;2
271836;Tuisumpui;15;288;1921;76400;Tuisumpui;15;8;2
271837;Old Tuisumpui;15;288;1921;76400;Tuisumpui;15;8;2
271838;Thingsen ;15;288;1921;;;15;8;2
271839;Niawhtlang  I;15;288;1921;77400;Niawhtlang;15;8;2
271840;Niawhtlang  II;15;288;1921;77400;Niawhtlang;15;8;2
271841;Chhuarlung  I;15;288;1921;77600;Chhuarlung;15;8;2
271842;Chhuarlung  II;15;288;1921;77600;Chhuarlung;15;8;2
