village_code_2011;village_name_2011;state_code_2011;district_code_2011;sub_district_code_2011;village_code_2001;village_name_2001;state_code_2001;district_code_2001;sub_district_code_2001
524932;Demani;26;496;3949;200;Demani;26;1;1
524933;Tighra;26;496;3949;300;Tighra;26;1;1
524934;Vaghchhipa;26;496;3949;400;Vaghchhipa;26;1;1
524935;Sili;26;496;3949;500;Sili;26;1;1
524936;Morkhal;26;496;3949;600;Morkhal;26;1;1
524937;Nana Randha;26;496;3949;700;Nana Randha;26;1;1
524938;Mota Randha;26;496;3949;800;Mota Randha;26;1;1
524939;Bonta;26;496;3949;900;Bonta;26;1;1
524940;Kilavani;26;496;3949;1000;Kilavani;26;1;1
524941;Galonda;26;496;3949;1100;Galonda;26;1;1
524942;Athola;26;496;3949;1200;Athola;26;1;1
524943;Dhapsa;26;496;3949;1300;Dhapsa;26;1;1
524944;Kanadi;26;496;3949;1500;Kanadi;26;1;1
524945;Kharadpada;26;496;3949;1600;Kharadpada;26;1;1
524946;Athal;26;496;3949;1700;Athal;26;1;1
524947;Falandi;26;496;3949;1900;Falandi;26;1;1
524948;Umarkui;26;496;3949;2000;Umarkui;26;1;1
524949;Saily;26;496;3949;2100;Saily;26;1;1
524950;Kudacha;26;496;3949;2300;Kudacha;26;1;1
524951;Karad;26;496;3949;2500;Karad;26;1;1
524952;Vasona;26;496;3949;2600;Vasona;26;1;1
524953;Chinchpada;26;496;3949;2700;Chinchpada;26;1;1
524954;Luhari;26;496;3949;2800;Luhari;26;1;1
524955;Chikhali;26;496;3949;2900;Chikhali;26;1;1
524956;Dapada;26;496;3949;3000;Dapada;26;1;1
524957;Pati;26;496;3949;3100;Pati;26;1;1
524958;Khadoli;26;496;3949;3200;Khadoli;26;1;1
524959;Surangi;26;496;3949;3300;Surangi;26;1;1
524960;Apti;26;496;3949;3400;Apti;26;1;1
524961;Velugam;26;496;3949;3500;Velugam;26;1;1
524962;Amboli;26;496;3949;3600;Amboli;26;1;1
524963;Bindrabin;26;496;3949;3700;Bindrabin;26;1;1
524964;Tinoda;26;496;3949;3800;Tinoda;26;1;1
524965;Khanvel;26;496;3949;3900;Khanvel;26;1;1
524966;Umbervarni;26;496;3949;4000;Umbervarni;26;1;1
524967;Goratpada;26;496;3949;4100;Goratpada;26;1;1
524968;Vaghchauda;26;496;3949;4200;Vaghchauda;26;1;1
524969;Kothar;26;496;3949;4300;Kothar;26;1;1
524970;Medha;26;496;3949;4400;Medha;26;1;1
524971;Ambabari;26;496;3949;4500;Ambabari;26;1;1
524972;Jamalpada;26;496;3949;4600;Jamalpada;26;1;1
524973;Kauncha;26;496;3949;4700;Kauncha;26;1;1
524974;Dudhani;26;496;3949;4800;Dudhani;26;1;1
524975;Gunsa;26;496;3949;4900;Gunsa;26;1;1
524976;Bildhari;26;496;3949;5000;Bildhari;26;1;1
524977;Ghodbari;26;496;3949;5100;Ghodbari;26;1;1
524978;Karchond;26;496;3949;5200;Karchond;26;1;1
524979;Kherarbari;26;496;3949;5300;Kherarbari;26;1;1
524980;Shelti;26;496;3949;5400;Shelti;26;1;1
524981;Khutali;26;496;3949;5500;Khutali;26;1;1
524982;Chauda;26;496;3949;5600;Chauda;26;1;1
524983;Kala;26;496;3949;5700;Kala;26;1;1
524984;Karachgam;26;496;3949;5800;Karachgam;26;1;1
524985;Kherdi;26;496;3949;5900;Kherdi;26;1;1
524986;Dolara;26;496;3949;6000;Dolara;26;1;1
524987;Parzai;26;496;3949;6100;Parzai;26;1;1
524988;Talavali;26;496;3949;6200;Talavali;26;1;1
524989;Rudana;26;496;3949;6300;Rudana;26;1;1
524990;Chinsda;26;496;3949;6400;Chinsda;26;1;1
524991;Mandoni;26;496;3949;6500;Mandoni;26;1;1
524992;Vansda;26;496;3949;6600;Vansda;26;1;1
524993;Bensda;26;496;3949;6700;Bensda;26;1;1
524994;Bedpa;26;496;3949;6800;Bedpa;26;1;1
524995;Sindoni;26;496;3949;6900;Sindoni;26;1;1
524996;Khedpa;26;496;3949;7000;Khedpa;26;1;1
524997;Dadra (CT);26;496;3949;100;Dadra;26;1;1
524998;Naroli (CT);26;496;3949;1400;Naroli;26;1;1
524999;Samarvarni (CT);26;496;3949;1800;Samarvarni;26;1;1
525000;Masat (CT);26;496;3949;2200;Masat;26;1;1
525001;Rakholi (CT);26;496;3949;2400;Rakholi;26;1;1
