village_code_2011;village_name_2011;state_code_2011;district_code_2011;sub_district_code_2011;village_code_2001;village_name_2001;state_code_2001;district_code_2001;sub_district_code_2001
644917;Thimmanaickenpalayam;34;635;5909;3800;Thimmanaickenpalayam;34;2;3
644918;Abishegapakkam;34;635;5909;3900;Abishegapakkam;34;2;3
644919;Tavalakuppam;34;635;5909;4000;Tavalakuppam;34;2;3
644920;Purnankuppam;34;635;5909;4100;Purnankuppam;34;2;3
644921;Ariankuppam (CT);34;635;5909;;;34;2;3
644922;Manavely (CT);34;635;5909;3700;Manavely;34;2;3
644923;Manalipet;34;635;5911;100;Manalipet;34;2;1
644924;Chettipet;34;635;5911;200;Chettipet;34;2;1
644925;Suthukeny;34;635;5911;300;Suthukeny;34;2;1
644926;Pudukuppam;34;635;5911;400;Pudukuppam;34;2;1
644927;Katteri;34;635;5911;500;Katteri;34;2;1
644928;Kuppam;34;635;5911;600;Kuppam;34;2;1
644929;Thethampakkam;34;635;5911;700;Thethampakkam;34;2;1
644930;Kodathur;34;635;5911;800;Kodathur;34;2;1
644931;Kunichampet;34;635;5911;900;Kunichampet;34;2;1
644932;Mannadipet ;34;635;5911;1000;Mannadipet;34;2;1
644933;Vadanur;34;635;5911;1100;Vadanur;34;2;1
644934;Sorapet;34;635;5911;1200;Sorapet;34;2;1
644935;Vambupet;34;635;5911;1300;Vambupet;34;2;1
644936;Sellipattu;34;635;5911;1400;Sellipattu;34;2;1
644937;Sannasikuppam;34;635;5911;1500;Sannasikuppam;34;2;1
644938;Kalithirthalkuppam;34;635;5911;1600;Kalithirthalkuppam;34;2;1
644939;Madagadipet;34;635;5911;1700;Madagadipet;34;2;1
644940;Thirubuvanai;34;635;5911;1800;Thirubuvanai;34;2;1
644941;Thiruvandarkoil;34;635;5911;1900;Thiruvandarkoil;34;2;1
644942;Sedarapet;34;635;5911;2000;Sedarapet;34;2;2
644943;Karasur;34;635;5911;2100;Karasur;34;2;2
644944;Thuthipet;34;635;5911;2200;Thuthipet;34;2;2
644945;Thondamanatham;34;635;5911;2300;Thondamanatham;34;2;2
644946;Ramanathapuram;34;635;5911;2400;Ramanathapuram;34;2;2
644947;Pillaiyarkuppam;34;635;5911;2500;Pillaiyarkuppam;34;2;2
644948;Koodapakkam;34;635;5911;2600;Koodapakkam;34;2;2
644949;Ulaivaikkal;34;635;5911;2700;Ulaivaikkal;34;2;2
644950;Oussudu;34;635;5911;2800;Oussudu;34;2;2
644951;Arugur;34;635;5911;2900;Arugur;34;2;2
644952;Kizhur;34;635;5911;3000;Kizhur;34;2;2
644953;Sathamangalam;34;635;5911;3100;Sathamangalam;34;2;2
644954;Mangalam;34;635;5911;3200;Mangalam;34;2;2
644955;Uruvaiyar;34;635;5911;3300;Uruvaiyar;34;2;2
644956;Thirukanji;34;635;5911;3400;Thirukanji;34;2;2
644957;Perungalur;34;635;5911;3500;Perungalur;34;2;2
644958;Manakuppam;34;635;5911;3600;Manakuppam;34;2;2
644959;Villianur (CT);34;635;5911;;;34;2;2
644960;Odiampet (OG);34;635;5911;;;34;2;2
644961;Madukkarai;34;635;5912;4200;Madukkarai;34;2;4
644962;Kariamanickam;34;635;5912;4300;Kariamanickam;34;2;4
644963;Eripakkam;34;635;5912;4400;Eripakkam;34;2;4
644964;Embalam;34;635;5912;4500;Embalam;34;2;4
644965;Korkadu;34;635;5912;4600;Korkadu;34;2;4
644966;Karikalampakkam;34;635;5912;4700;Karikalampakkam;34;2;4
644967;Pandasozhanur;34;635;5912;4800;Pandasozhanur;34;2;4
644968;Nettapakkam;34;635;5912;4900;Nettapakkam;34;2;4
644969;Panayadikuppam;34;635;5912;5000;Panayadikuppam;34;2;5
644970;Aranganur;34;635;5912;5100;Aranganur;34;2;5
644971;Kirumampakkam;34;635;5912;5200;Kirumampakkam;34;2;5
644972;Pillaiarkuppam;34;635;5912;5300;Pillaiarkuppam;34;2;5
644973;Seliamedu;34;635;5912;5400;Seliamedu;34;2;5
644974;Kaduvanur;34;635;5912;5500;Kaduvanur;34;2;5
644975;Karaiyambuthur;34;635;5912;5600;Karaiyambuthur;34;2;5
644976;Manamedu;34;635;5912;5700;Manamedu;34;2;5
644977;Irulansandy;34;635;5912;5800;Irulansandy;34;2;5
644978;Bahour;34;635;5912;5900;Bahour;34;2;5
644979;Manapattu;34;635;5912;6000;Manapattu;34;2;5
644980;Outchimedu;34;635;5912;6100;Outchimedu;34;2;5
644981;Parikalpet;34;635;5912;6200;Parikalpet;34;2;5
644982;Kuruvinatham;34;635;5912;6300;Kuruvinatham;34;2;5
644983;Varichikudy (North);34;637;5914;6900;Varichikudy (North);34;4;2
644984;Poovam;34;637;5914;7000;Poovam;34;4;2
644985;Thiruvettakudy;34;637;5914;7100;Thiruvettakudy;34;4;2
644986;Varichikudy (South);34;637;5914;7200;Varichikudy (South);34;4;2
644987;Kottucherry;34;637;5914;7300;Kottucherry;34;4;2
644988;Vizhidiur;34;637;5914;8500;Vizhidiur;34;4;4
644989;Kizhamanai;34;637;5914;8600;Kizhamanai;34;4;4
644990;Neravy;34;637;5914;8700;Neravy;34;4;4
644991;Keezhaiyur (North);34;637;5914;8900;Keezhaiyur (North);34;4;5
644992;Keezhaiyur (South);34;637;5914;9000;Keezhaiyur (South);34;4;5
644993;Polagam;34;637;5914;9100;Polagam;34;4;5
644994;Vanjiur;34;637;5914;9200;Vanjiur;34;4;5
644995;Thirumalairayanpattinam (CT);34;637;5914;8800;Thirumalairayanpattinam;34;4;5
644996;Kurumbagaram;34;637;5915;6400;Kurumbagaram;34;4;1
644997;Ponbethy;34;637;5915;6500;Ponbethy;34;4;1
644998;Puthakudy;34;637;5915;6600;Puthakudy;34;4;1
644999;Nedungadu;34;637;5915;6700;Nedungadu;34;4;1
645000;Melakasakudy;34;637;5915;6800;Melakasakudy;34;4;1
645001;Ambagarathur;34;637;5915;7400;Ambagarathur;34;4;3
645002;Nallazhundur;34;637;5915;7500;Nallazhundur;34;4;3
645003;Thevamapuram;34;637;5915;7600;Thevamapuram;34;4;3
645004;Sorakudy;34;637;5915;7700;Sorakudy;34;4;3
645005;Subrayapuram;34;637;5915;7800;Subrayapuram;34;4;3
645006;Keezhavoor (Part);34;637;5915;7900;Keezhavoor (Part);34;4;3
645007;Thirunallar;34;637;5915;8000;Thirunallar;34;4;3
645008;Thennankudy;34;637;5915;8100;Thennankudy;34;4;3
645009;Sethur;34;637;5915;8200;Sethur;34;4;3
645010;Sellur;34;637;5915;8300;Sellur;34;4;3
645011;Pettai;34;637;5915;8400;Pettai;34;4;3
