village_code_2011;village_name_2011;state_code_2011;district_code_2011;sub_district_code_2011;village_code_2001;village_name_2001;state_code_2001;district_code_2001;sub_district_code_2001
627030;Amini (CT);31;587;5620;40101000;Amini (CT);31;1;1
627031;Bitra;31;587;5621;100;Bitra;31;1;1
627032;Chetlat;31;587;5622;200;Chetlat;31;1;1
627033;Kiltan;31;587;5623;300;Kiltan;31;1;1
627034;Kadmat (CT);31;587;5624;400;Kadmat;31;1;1
627035;Pitti (Birds' Island);31;587;5625;1200;Pitti (Birds' Island);31;1;2
627036;Suheli Valiyakara;31;587;5625;1300;Suheli Valiyakara;31;1;2
627037;Suheli Cheriyakara;31;587;5625;1400;Suheli Cheriyakara;31;1;2
627038;Kavaratti (CT);31;587;5625;40102000;Kavaratti (CT);31;1;2
627039;Tinnakara;31;587;5626;500;Tinnakara;31;1;2
627040;Parali (I);31;587;5626;600;Parali (i);31;1;2
627041;Parali (II);31;587;5626;700;Parali (ii);31;1;2
627042;Parali (III);31;587;5626;800;Parali (iii);31;1;2
627043;Bangaram;31;587;5626;900;Bangaram;31;1;2
627044;Agatti;31;587;5626;1000;Agatti;31;1;2
627045;Kalpitti;31;587;5626;1100;Kalpitti;31;1;2
627046;Andrott (CT);31;587;5627;1500;Andrott;31;1;3
627047;Cheriyam;31;587;5628;1600;Cheriyam;31;1;3
627048;Kodithala;31;587;5628;1700;Kodithala;31;1;3
627049;Tilakkam (I);31;587;5628;1900;Thilakkam (i);31;1;3
627050;Tilakkam (II);31;587;5628;2000;Thilakkam (ii);31;1;3
627051;Tilakkam (III);31;587;5628;2100;Thilakkam (iii);31;1;3
627052;Pitti (I);31;587;5628;2200;Pitti (i);31;1;3
627053;Pitti (II);31;587;5628;2300;Pitti (ii);31;1;3
627054;Kalpeni (CT);31;587;5628;1800;Kalpeni;31;1;3
627055;Viringili;31;587;5629;2400;Viringili;31;1;4
627056;Minicoy (CT);31;587;5629;40103000;Minicoy (CT);31;1;4
