village_code_2011;village_name_2011;state_code_2011;district_code_2011;sub_district_code_2011;village_code_2001;village_name_2001;state_code_2001;district_code_2001;sub_district_code_2001
645012;Mus;35;638;5916;35700;Mus;35;2;1
645013;Teetop;35;638;5916;35800;Teetop;35;2;1
645014;Sawai;35;638;5916;35900;Sawai;35;2;1
645015;Arong;35;638;5916;36000;Arong;35;2;1
645016;Kimois;35;638;5916;36100;Kimois;35;2;1
645017;Kakana;35;638;5916;36200;Kakana;35;2;1
645018;IAF Camp;35;638;5916;36300;IAF Camp;35;2;1
645019;Malacca;35;638;5916;36400;Malacca;35;2;1
645020;Perka;35;638;5916;36500;Perka;35;2;1
645021;Tamaloo;35;638;5916;36600;Tamaloo;35;2;1
645022;Kinyuka;35;638;5916;36700;Kinyuka;35;2;1
645023;Chuckchucha;35;638;5916;36800;Chuckchucha;35;2;1
645024;Tapoiming;35;638;5916;36900;Tapoiming;35;2;1
645025;Big Lapati;35;638;5916;37000;Big Lapati;35;2;1
645026;Small Lapati;35;638;5916;37100;Small Lapati;35;2;1
645027;Kinmai;35;638;5916;37200;Kinmai;35;2;1
645028;Tahaila;35;638;5917;37300;Tahaila;35;2;2
645029;Chongkamong;35;638;5917;37400;Chongkamong;35;2;2
645030;Alhiat;35;638;5917;37500;Alhiat;35;2;2
645031;Kuitasuk;35;638;5917;37600;Kuitasuk;35;2;2
645032;Raihion;35;638;5917;37700;Raihion;35;2;2
645033;Tillang Chong Island*;35;638;5917;37800;Tillang Chong Island;35;2;2
645034;Aloorang;35;638;5917;37900;Aloorang;35;2;2
645035;Aloora*;35;638;5917;38000;Aloora;35;2;2
645036;Enam;35;638;5917;38100;Enam;35;2;2
645037;Luxi;35;638;5917;38200;Luxi;35;2;2
645038;Kalara*;35;638;5917;38300;Kalara;35;2;2
645039;Chukmachi;35;638;5917;38400;Chukmachi;35;2;2
645040;Safedbalu*;35;638;5917;38500;Safedbalu;35;2;2
645041;Minyuk;35;638;5917;38600;Minyuk;35;2;2
645042;Kanahinot;35;638;5917;38700;Kanahinot;35;2;2
645043;Kalasi;35;638;5917;38800;Kalasi;35;2;2
645044;Bengali;35;638;5917;38900;Bengali;35;2;2
645045;Bompoka Island*;35;638;5917;39000;Bompoka Island;35;2;2
645046;Jhoola*;35;638;5917;39100;Jhoola;35;2;2
645047;Jansin*;35;638;5917;39200;Jansin;35;2;2
645048;Hitlat*;35;638;5917;39300;Hitlat;35;2;2
645049;Mavatapis/Maratapia*;35;638;5917;39400;Mavatapis/Maratapia;35;2;2
645050;Chonghipoh*;35;638;5917;39500;Chonghipoh;35;2;2
645051;Sanaya*;35;638;5917;39600;Sanaya;35;2;2
645052;Alkaipoh/Alkripoh*;35;638;5917;39700;Alkaipoh/Alkripoh;35;2;2
645053;Alhitoth/Alhiloth*;35;638;5917;39800;Alhitoth/Alhiloth;35;2;2
645054;Katahuwa*;35;638;5917;39900;Katahuwa;35;2;2
645055;Kumikia*;35;638;5917;40000;Kumikia;35;2;2
645056;Kamriak*;35;638;5917;40100;Kamriak;35;2;2
645057;Hutnyak*;35;638;5917;40200;Hutnyak;35;2;2
645058;Ongulongho*;35;638;5917;40300;Ongulongho;35;2;2
645059;Chonsiyala*;35;638;5917;40400;Chonsiyala;35;2;2
645060;Hontona*;35;638;5917;40500;Hontona;35;2;2
645061;Kulatapangia*;35;638;5917;40600;Kulatapangia;35;2;2
645062;Vyavtapu*;35;638;5917;40700;Vyavtapu;35;2;2
645063;Hoipoh*;35;638;5917;40800;Hoipoh;35;2;2
645064;Mapayala*;35;638;5917;40900;Mapayala;35;2;2
645065;Chengtamilan*;35;638;5917;41000;Chengtamilan;35;2;2
645066;Atkuna/Alkun*;35;638;5917;41100;Atkuna/Alkun;35;2;2
645067;Tani*;35;638;5917;41200;Tani;35;2;2
645068;Kalminikum/Kalmenkam*;35;638;5917;41300;Kalminikum/Kalmenkam;35;2;2
645069;Hakonhala*;35;638;5917;41400;Hakonhala;35;2;2
645070;Reakomlong*;35;638;5917;41500;Reakomlong;35;2;2
645071;Sonomkuwa*;35;638;5917;41600;Sonomkuwa;35;2;2
645072;Tavinkin/Tavakin*;35;638;5917;41700;Tavinkin/Tavakin;35;2;2
645073;Halnatai/Hoinatai*;35;638;5917;41800;Halnatai/Hoinatai;35;2;2
645074;Altaful*;35;638;5917;41900;Altaful;35;2;2
645075;Kavatinpeu/Karahinpoh*;35;638;5917;42000;Kavatinpeu/Karahinpoh;35;2;2
645076;Alsama*;35;638;5917;42100;Alsama;35;2;2
645077;Kapanga*;35;638;5917;42200;Kapanga;35;2;2
645078;Kupinga*;35;638;5917;42300;Kupinga;35;2;2
645079;Mildera;35;638;5917;42400;Mildera;35;2;2
645080;Upper Katchal;35;638;5917;;;35;2;2
645081;Meenakshi Ram Nagar;35;638;5917;;;35;2;2
645082;Japan Tikri;35;638;5917;;;35;2;2
645083;E-Wall;35;638;5917;;;35;2;2
645084;W.B.Katchal/Hindra*;35;638;5917;42500;W.B.Katchal/Hindra;35;2;2
645085;Alipa/Alips*;35;638;5917;42600;Alipa/Alips;35;2;2
645086;Lapat*;35;638;5917;42700;Lapat;35;2;2
645087;Hindra*;35;638;5917;42800;Hindra;35;2;2
645088;Mus*;35;638;5917;42900;Mus;35;2;2
645089;Payak*;35;638;5917;43000;Payak;35;2;2
645090;Neang*;35;638;5917;43100;Neang;35;2;2
645091;Tapong incl. Kabila;35;638;5917;43200;Tapong incl. Kabila;35;2;2
645092;Lanuanga*;35;638;5917;43300;Lanuanga;35;2;2
645093;Altheak;35;638;5917;43400;Altheak;35;2;2
645094;Al-Hit-Touch/Balu Basti;35;638;5917;43500;Al-Hit-Touch/Balu Basti;35;2;2
645095;Malacca*;35;638;5917;43600;Malacca;35;2;2
645096;Champin;35;638;5917;43700;Champin;35;2;2
645097;Hinnunga*;35;638;5917;43800;Hinnunga;35;2;2
645098;Tapani/Tapainy*;35;638;5917;43900;Tapani/Tapainy;35;2;2
645099;Inroak/Chinlak*;35;638;5917;44000;Inroak/Chinlak;35;2;2
645100;Itoi*(HITUI);35;638;5917;44100;Itoi;35;2;2
645101;Alreak*;35;638;5917;44200;Alreak;35;2;2
645102;Hintona*;35;638;5917;44300;Hintona;35;2;2
645103;Uper Tapu*;35;638;5917;44400;Uper Tapu;35;2;2
645104;Pilpilow;35;638;5917;44500;Pilpilow;35;2;2
645105;Neeche Tapu*;35;638;5917;44600;Neeche Tapu;35;2;2
645106;Manjula*;35;638;5917;44700;Manjula;35;2;2
645107;Okiya/Chiya*;35;638;5917;44800;Okiya/Chiya;35;2;2
645108;Olinpon/Alhinpon*;35;638;5917;44900;Olinpon/Alhinpon;35;2;2
645109;Bumpal*;35;638;5917;45000;Bumpal;35;2;2
645110;Karan/Karav*;35;638;5917;45100;Karan/Karav;35;2;2
645111;Daring;35;638;5917;45200;Daring;35;2;2
645112;Maru*;35;638;5917;45300;Maru;35;2;2
645113;Chanel/Chanol*;35;638;5917;45400;Chanel/Chanol;35;2;2
645114;Tanae*;35;638;5917;45500;Tamae;35;2;2
645115;Alointung*;35;638;5917;45600;Alointung;35;2;2
645116;Banderkari/Pulu;35;638;5917;45700;Banderkari/Pulu;35;2;2
645117;Alpintu/Alpintung*;35;638;5917;45800;Alpintu/Alpintung;35;2;2
645118;Tomae/Inmae*;35;638;5917;45900;Tomae/Inmae;35;2;2
645119;Changua/Changup;35;638;5917;46000;Changua/Changup;35;2;2
645120;Masala Tapu*;35;638;5917;46100;Masala Tapu;35;2;2
645121;Alukian/Alhukheck;35;638;5917;46200;Alukian/Alhukheck;35;2;2
645122;Knot;35;638;5917;46300;Knot;35;2;2
645123;Inmae*;35;638;5917;46400;Inmae;35;2;2
645124;Payuha;35;638;5917;46500;Payuha;35;2;2
645125;Munak incl. Ponioo/Moul;35;638;5917;46600;Munak incl. Ponioo/Moul;35;2;2
645126;Ramzoo*(Ramjaw);35;638;5917;46700;Ramzoo;35;2;2
645127;Kamorta/Kalatapu(Incl.Sanuh);35;638;5917;46800;Kamorta/Kalatapu;35;2;2
645128;Chota Inak;35;638;5917;46900;Chota Inak;35;2;2
645129;Berainak/Badnak;35;638;5917;47000;Berainak/Badnak;35;2;2
645130;Vikas Nagar;35;638;5917;47100;Vikas Nagar;35;2;2
645131;Kakana;35;638;5917;47200;Kakana;35;2;2
645132;Nyicalang*;35;638;5917;47300;Nyicalang;35;2;2
645133;Mohreak/Kohreakap*;35;638;5917;47400;Mohreak/Kohreakap;35;2;2
645134;Kuikua*;35;638;5917;47500;Kuikua;35;2;2
645135;Safedbalu*;35;638;5917;47600;Safedbalu;35;2;2
645136;Hockook*;35;638;5917;47700;Hockook;35;2;2
645137;Trinket*;35;638;5917;47800;Trinket;35;2;2
645138;Tapiang*;35;638;5917;47900;Tapiang;35;2;2
645139;Kapila*;35;638;5917;48000;Kapila;35;2;2
645140;Pulomilo;35;638;5918;48100;Pulomilo;35;2;2
645141;Minlana/Minlan;35;638;5918;48200;Minlana/Minlan;35;2;2
645142;Anul/Anula;35;638;5918;48300;Anul/Anula;35;2;2
645143;Makhahu/Makachua;35;638;5918;48400;Makhahu/Makachua;35;2;2
645144;Akupa;35;638;5918;48500;Akupa;35;2;2
645145;Inlock/Infock;35;638;5918;48600;Inlock/Infock;35;2;2
645146;Pulotalia/Pulotohio;35;638;5918;48700;Pulotalia/Pulotohio;35;2;2
645147;Pulobaha/Pathathifen;35;638;5918;48800;Pulobaha/Pathathifen;35;2;2
645148;Bewai/Kuwak;35;638;5918;48900;Bewai/Kuwak;35;2;2
645149;Kiyang;35;638;5918;49000;Kiyang;35;2;2
645150;Pulloullo/Puloulo;35;638;5918;49100;Pulloullo/Puloulo;35;2;2
645151;Hoin incl. Ikuia;35;638;5918;49200;Hoin incl. Ikuia;35;2;2
645152;Pea;35;638;5918;49300;Pea;35;2;2
645153;Pulobha/Pulobahan;35;638;5918;49400;Pulobha/Pulobahan;35;2;2
645154;Hokesiang;35;638;5918;49500;Hokesiang;35;2;2
645155;Pattia (Pulopattia);35;638;5918;49600;Pattia;35;2;2
645156;Olinchi/Bombay;35;638;5918;49700;Olinchi/Bombay;35;2;2
645157;Inlock/Pattia;35;638;5918;49800;Inlock/Pattia;35;2;2
645158;Pulopanja;35;638;5918;49900;Pulopanja;35;2;2
645159;Elahi/Ilhoya;35;638;5918;50000;Elahi/Ilhoya;35;2;2
645160;Inod;35;638;5918;50100;Inod;35;2;2
645161;Pehayo;35;638;5918;50200;Pehayo;35;2;2
645162;Bahua;35;638;5918;50300;Bahua;35;2;2
645163;Kondul;35;638;5918;50400;Kondul;35;2;2
645164;Pulobed/Lababu;35;638;5918;50500;Pulobed/Lababu;35;2;2
645165;Katahu;35;638;5918;50600;Katahu;35;2;2
645166;Afra Bay;35;638;5918;;;35;2;2
645167;Dairkurat;35;638;5918;50700;Dairkurat;35;2;2
645168;Alexandera River;35;638;5918;50800;Alexandera River;35;2;2
645169;Ayouk;35;638;5918;50900;Ayouk;35;2;2
645170;Pulobed;35;638;5918;51000;Pulobed;35;2;2
645171;Pulokunji;35;638;5918;51100;Pulokunji;35;2;2
645172;Shompen Village-A;35;638;5918;51200;Shompen Village-A;35;2;2
645173;Renguang;35;638;5918;51300;Renguang;35;2;2
645174;Dogmar River;35;638;5918;51400;Dogmar River;35;2;2
645175;Kopenheat;35;638;5918;51500;Kopenheat;35;2;2
645176;Shompen Village-B;35;638;5918;51600;Shompen Village-B;35;2;2
645177;Kasintung;35;638;5918;51700;Kasintung;35;2;2
645178;Koe;35;638;5918;51800;Koe;35;2;2
645179;Danlet;35;638;5918;51900;Danlet;35;2;2
645180;Pulobhabi;35;638;5918;52000;Pulobhabi;35;2;2
645181;Patatiya;35;638;5918;52100;Patatiya;35;2;2
645182;Hin-Pou-Chi;35;638;5918;52200;Hin-Pou-Chi;35;2;2
645183;Kokeon;35;638;5918;52300;Kokeon;35;2;2
645184;Dakhiyon (FC);35;638;5918;52400;Dakhiyon (FC);35;2;2
645185;Pulopucca;35;638;5918;52500;Pulopucca;35;2;2
645186;In-Hig-Loi;35;638;5918;52600;In-Hig-Loi;35;2;2
645187;Pulobaha;35;638;5918;52700;Pulobaha;35;2;2
645188;Indira Point;35;638;5918;52800;Indira Point;35;2;2
645189;Chingen (incl.FC at Magar Nalla;35;638;5918;52900;Chingen;35;2;2
645190;Galathia River (FC);35;638;5918;53000;Galathia River (FC);35;2;2
645191;Sastri Nagar;35;638;5918;53100;Sastri Nagar;35;2;2
645192;Gandhi Nagar;35;638;5918;53200;Gandhi Nagar;35;2;2
645193;Laxmi Nagar;35;638;5918;53300;Laxmi Nagar;35;2;2
645194;Vijoy Nagar;35;638;5918;53400;Vijoy Nagar;35;2;2
645195;Joginder Nagar;35;638;5918;53500;Joginder Nagar;35;2;2
645196;7 km Farm;35;638;5918;53600;7 km Farm;35;2;2
645197;Not yet named (at 27.9 km)-A;35;638;5918;53700;Not yet named (at 27.9 km)-A;35;2;2
645198;Shompen hut;35;638;5918;53800;Shompen hut;35;2;2
645199;Govinda Nagar;35;638;5918;53900;Govinda Nagar;35;2;2
645200;Campbell Bay;35;638;5918;54000;Campbell Bay;35;2;2
645201;Ranganathan Bay;35;638;5918;54100;Ranganathan Bay;35;2;2
645202;Not yet named;35;638;5918;54200;Not yet named-B;35;2;2
645203;Not yet named;35;638;5918;54300;Not yet named-C;35;2;2
645204;Chaw Nallaha;35;638;5918;54400;Chaw Nallaha;35;2;2
645205;Gol Tikrey;35;638;5918;;;35;2;2
645206;Navy Dera;35;638;5918;54500;Navy Dera;35;2;2
645207;Lawful;35;638;5918;54600;Lawful;35;2;2
645208;Trinket Bay;35;638;5918;54700;Trinket Bay;35;2;2
645209;Patisang;35;638;5918;;;35;2;2
645210;Lanaya;35;638;5918;;;35;2;2
645211;Pitayo;35;638;5918;;;35;2;2
645212;Shyam Nagar (RV);35;639;5919;1000;Shyam Nagar (RV);35;1;1
645213;Radha Nagar (RV);35;639;5919;1600;Radha Nagar (RV);35;1;1
645214;Swarajgram (RV);35;639;5919;1900;Swarajgram (RV);35;1;1
645215;Milangram (RV);35;639;5919;2000;Milangram (RV);35;1;1
645216;Laxmipur (RV);35;639;5919;2300;Laxmipur (RV);35;1;1
645217;Deshbandhugram (RV);35;639;5919;2400;Deshbandhugram (RV);35;1;1
645218;Madhupur (RV);35;639;5919;2500;Madhupur (RV);35;1;1
645219;Krishnapuri (RV);35;639;5919;2600;Krishnapuri (RV);35;1;1
645220;Sitanagar (RV);35;639;5919;3000;Sitanagar (RV);35;1;1
645221;Rabindrapalli (RV);35;639;5919;3100;Rabindrapalli (RV);35;1;1
645222;Subhashgram (RV);35;639;5919;3200;Subhashgram (RV);35;1;1
645223;Diglipur (RV);35;639;5919;3300;Diglipur (RV);35;1;1
645224;Ramakrishnagram (RV);35;639;5919;3400;Ramakrishnagram (RV);35;1;1
645225;Vidyasagarpalli (RV);35;639;5919;3500;Vidyasagarpalli (RV);35;1;1
645226;Keralapuram (RV);35;639;5919;3600;Keralapuram (RV);35;1;1
645227;Aerial Bay (RV);35;639;5919;3700;Aerial Bay (RV);35;1;1
645228;Durgapur (RV);35;639;5919;3800;Durgapur (RV);35;1;1
645229;Shibpur (RV);35;639;5919;3900;Shibpur (RV);35;1;1
645230;Kalipur (RV);35;639;5919;4000;Kalipur (RV);35;1;1
645231;Khudirampur (RV);35;639;5919;4100;Khudirampur (RV);35;1;1
645232;Nabagram (RV);35;639;5919;4500;Nabagram (RV);35;1;1
645233;Paranghara (RV);35;639;5919;4600;Paranghara (RV);35;1;1
645234;Kishori Nagar (RV);35;639;5919;4700;Kishori Nagar (RV);35;1;1
645235;Madhyamgram (RV);35;639;5919;5400;Madhyamgram (RV);35;1;1
645236;Nischintapur (RV);35;639;5919;5500;Nischintapur (RV);35;1;1
645237;Kalighat (RV);35;639;5919;5700;Kalighat (RV);35;1;1
645238;Jagannath Dera (RV);35;639;5919;5800;Jagannath Dera (RV);35;1;1
645239;Ramnagar (RV);35;639;5919;5900;Ramnagar (RV);35;1;1
645240;Borang (RV);35;639;5919;6700;Borang (RV);35;1;1
645241;Mohanpur (RV);35;639;5919;7400;Mohanpur (RV);35;1;1
645242;Sagar Dweep (RV);35;639;5919;7700;Sagar Dweep (RV);35;1;1
645243;East Island (Police post & Light house);35;639;5919;100;East Island (Police post & Light house);35;1;1
645244;Narcondam Island (Police post);35;639;5919;200;Narcondam Island (Police post);35;1;1
645245;Karen Basti (EFA);35;639;5919;300;Karen Basti (EFA);35;1;1
645246;Elezabeth Bay (EFA);35;639;5919;400;Elezabeth Bay (EFA);35;1;1
645247;Beach Dera (EFA);35;639;5919;500;Beach Dera (EFA);35;1;1
645248;Coffe Dera (EFA);35;639;5919;600;Coffe Dera (EFA);35;1;1
645249;Bandhan Nallaha (EFA);35;639;5919;700;Bandhan Nallaha (EFA);35;1;1
645250;Haridas Kattai (EFA);35;639;5919;800;Haridas Kattai (EFA);35;1;1
645251;Shyam Nagar (EFA);35;639;5919;900;Shyam Nagar (EFA);35;1;1
645252;Ganesh Nagar (EFA);35;639;5919;1100;Ganesh Nagar (EFA);35;1;1
645253;Amber Chad (EFA);35;639;5919;1200;Amber Chad (EFA);35;1;1
645254;Santi Nagar (EFA);35;639;5919;1300;Santi Nagar (EFA);35;1;1
645255;Gandhi Nagar (EFA);35;639;5919;1400;Gandhi Nagar (EFA);35;1;1
645256;Gandhi Nagar (Forest Beat);35;639;5919;1500;Gandhi Nagar (Forest Beat);35;1;1
645257;Radha Nagar (EFA);35;639;5919;1700;Radha Nagar (EFA);35;1;1
645258;Burmachad (EFA);35;639;5919;1800;Burmachad (EFA);35;1;1
645259;Haran Nallaha (EFA);35;639;5919;2100;Haran Nallaha (EFA);35;1;1
645260;Laxmipur (EFA);35;639;5919;2200;Laxmipur (EFA);35;1;1
645261;Paschimsagar (EFA);35;639;5919;2700;Paschimsagar (EFA);35;1;1
645262;Tal Bagan (EFA);35;639;5919;2800;Tal Bagan (EFA);35;1;1
645263;Sitanagar, (EFA)               ;35;639;5919;2900;Sitanagar, (EFA)               ;35;1;1
645264;Khudirampur (EFA);35;639;5919;4200;Khudirampur (EFA);35;1;1
645265;Lamiya Bay (EFA);35;639;5919;4300;Lamiya Bay (EFA);35;1;1
645266;Lamiya Bay (WLS);35;639;5919;4400;Lamiya Bay (WLS);35;1;1
645267;Baskata Nallaha (EFA);35;639;5919;4800;Baskata Nallaha (EFA);35;1;1
645268;Mutha Nallaha (EFA);35;639;5919;4900;Mutha Nallaha (EFA);35;1;1
645269;Bali Nallaha (EFA);35;639;5919;5000;Bali Nallaha (EFA);35;1;1
645270;Bamboo Nallaha (EFA);35;639;5919;5100;Bamboo Nallaha (EFA);35;1;1
645271;Srinagar (EFA);35;639;5919;5200;Srinagar (EFA);35;1;1
645272;Ganna Level (EFA);35;639;5919;5300;Ganna Level (EFA);35;1;1
645273;Narayan Tikri (EFA);35;639;5919;5600;Narayan Tikri (EFA);35;1;1
645274;Pemaiahdera (FDCA)            ;35;639;5919;6000;Pemaiahdera (FDCA)            ;35;1;1
645275;Narkul Danga (EFA);35;639;5919;6100;Narkul Danga (EFA);35;1;1
645276;Pathi Level (EFA);35;639;5919;6200;Pathi Level (EFA);35;1;1
645277;Bara Dabla (EFA);35;639;5919;6300;Bara Dabla (EFA);35;1;1
645278;Hoari Bay (EFA);35;639;5919;6400;Hoari Bay (EFA);35;1;1
645279;Pilone Nallaha (FDCA);35;639;5919;6500;Pilone Nallaha (FDCA);35;1;1
645280;Aam Tikry (FDCA)              ;35;639;5919;6600;Aam Tikry (FDCA)              ;35;1;1
645281;Ganna Dabla (EFA);35;639;5919;6800;Ganna Dabla (EFA);35;1;1
645282;Austin Creek (FDCA)          ;35;639;5919;6900;Austin Creek (FDCA)          ;35;1;1
645283;Rahil (FDCA);35;639;5919;7000;Rahil (FDCA);35;1;1
645284;Bamboo Nallaha (EFA)       ;35;639;5919;7100;Bamboo Nallaha (EFA)       ;35;1;1
645285;Austin IX (FC);35;639;5919;7200;Austin IX (FC);35;1;1
645286;Hara Tikry (EFA);35;639;5919;7300;Hara Tikry (EFA);35;1;1
645287;Austin II (EFA);35;639;5919;7500;Austin II (EFA);35;1;1
645288;Smith (EFA);35;639;5919;7600;Smith (EFA);35;1;1
645289;Smith (Timber Export Depot);35;639;5919;7800;Smith (Timber Export Depot);35;1;1
645290;Curlew Island (FCPA);35;639;5919;7900;Curlew Island (FCPA);35;1;1
645291;Stewart Island;35;639;5919;8000;Stewart Island;35;1;1
645292;Land Fall Island (Police post);35;639;5919;;;35;1;1
645293;Aves Island (RV);35;639;5920;8300;Aves Island (RV);35;1;2
645294;Mayabunder (RV);35;639;5920;8400;Mayabunder (RV);35;1;2
645295;Pokadera (RV);35;639;5920;8500;Pokadera (RV);35;1;2
645296;Danpur (RV);35;639;5920;8600;Danpur (RV);35;1;2
645297;Rampur (RV);35;639;5920;8700;Rampur (RV);35;1;2
645298;Karmatang (RV);35;639;5920;8800;Karmatang (RV);35;1;2
645299;Lucknow (RV);35;639;5920;9200;Lucknow (RV);35;1;2
645300;Lataw (RV);35;639;5920;9300;Lataw (RV);35;1;2
645301;Devpur (RV);35;639;5920;9400;Devpur (RV);35;1;2
645302;Webi (RV);35;639;5920;9600;Webi (RV);35;1;2
645303;Pahalgaon (RV);35;639;5920;9700;Pahalgaon (RV);35;1;2
645304;Tugapur (RV);35;639;5920;9900;Tugapur (RV);35;1;2
645305;Hanspuri (RV) (including JPP Camps);35;639;5920;10700;Hanspuri (RV);35;1;2
645306;Chainpur (RV);35;639;5920;11100;Chainpur (RV);35;1;2
645307;Pudumadurai (RV);35;639;5920;11300;Pudumadurai (RV);35;1;2
645308;Basantipur (RV);35;639;5920;11900;Basantipur (RV);35;1;2
645309;Profullya Nagar (RV);35;639;5920;12000;Profullya Nagar (RV);35;1;2
645310;Govindpur (RV);35;639;5920;12100;Govindpur (RV);35;1;2
645311;Paresh Nagar (RV);35;639;5920;12200;Paresh Nagar (RV);35;1;2
645312;Kamalapur (RV);35;639;5920;12300;Kamalapur (RV);35;1;2
645313;Jaipur (RV);35;639;5920;12400;Jaipur (RV);35;1;2
645314;Pinakinagar (RV);35;639;5920;12500;Pinakinagar (RV);35;1;2
645315;Harinagar (RV);35;639;5920;12600;Harinagar (RV);35;1;2
645316;Dukennagar (RV);35;639;5920;12800;Dukennagar (RV);35;1;2
645317;Santipur (RV);35;639;5920;12900;Santipur (RV);35;1;2
645318;Swadesh Nagar (RV);35;639;5920;13000;Swadesh Nagar (RV);35;1;2
645319;Interview Island (WLS);35;639;5920;8100;Interview Island (WLS);35;1;2
645320;Interview Island (PO);35;639;5920;8200;Interview Island (PO);35;1;2
645321;Karmatang IX (EFA);35;639;5920;8900;Karmatang IX (EFA);35;1;2
645322;Karmatang X (EFA) incl.Bihari Plot (EFA);35;639;5920;9000;Karmatang X (EFA) incl.Bihari Plot (EFA);35;1;2
645323;Paiket Bay (EFA);35;639;5920;9100;Paiket Bay (EFA);35;1;2
645324;Bamboo Nallaha (EFA);35;639;5920;9500;Bamboo Nallaha (EFA);35;1;2
645325;Buddha Nallaha (EFA);35;639;5920;9800;Buddha Nallaha (EFA);35;1;2
645326;Chuglum Gum (EFA);35;639;5920;10000;Chuglum Gum (EFA);35;1;2
645327;Sundari Khari (EFA);35;639;5920;10100;Sundari Khari (EFA);35;1;2
645328;Karanch Khari (EFA);35;639;5920;10200;Karanch Khari (EFA);35;1;2
645329;Gora Tikry (EFA)              ;35;639;5920;10300;Gora Tikry (EFA)              ;35;1;2
645330;Chappa Nali (EFA);35;639;5920;10400;Chappa Nali (EFA);35;1;2
645331;Khukari Tabla (EFA);35;639;5920;10500;Khukari Tabla (EFA);35;1;2
645332;Ganesh Nagar I & II (EFA)      ;35;639;5920;10600;Ganesh Nagar I & II (EFA)      ;35;1;2
645333;Ganeshpur (EFA);35;639;5920;10800;Ganeshpur (EFA);35;1;2
645334;Luis-in-Let-Bay (JPPC);35;639;5920;10900;Luis-in-Let-Bay (JPPC);35;1;2
645335;Shippi Tikry (EFA);35;639;5920;11000;Shippi Tikry (EFA);35;1;2
645336;Chainpur (EFA);35;639;5920;11200;Chainpur (EFA);35;1;2
645337;Bajato (EFA & 40 acre plot);35;639;5920;11400;Bajato (EFA & 40 acre plot);35;1;2
645338;Asha Nagar (EFA);35;639;5920;11500;Asha Nagar (EFA);35;1;2
645339;Birsa Nagar (EFA);35;639;5920;11600;Birsa Nagar (EFA);35;1;2
645340;Kanchi Nallaha (EFA) & Bamboo Nallaha (EFA);35;639;5920;11700;Kanchi Nallaha (EFA) & Bamboo Nallaha (EFA);35;1;2
645341;Pather Tikry (EFA)                 ;35;639;5920;11800;Pather Tikry (EFA)                 ;35;1;2
645342;Lauki Nallaha (EFA);35;639;5920;12700;Lauki Nallaha (EFA);35;1;2
645343;Dharmapur (RV);35;639;5921;13200;Dharmapur (RV);35;1;3
645344;Ramachandra Nagar (RV);35;639;5921;13300;Ramachandra Nagar (RV);35;1;3
645345;Thiruvanchikulam (RV);35;639;5921;13500;Thiruvanchikulam (RV);35;1;3
645346;Shivapuram (RV);35;639;5921;13900;Shivapuram (RV);35;1;3
645347;Padmanabhapuram (RV);35;639;5921;14000;Padmanabhapuram (RV);35;1;3
645348;Panchawati (RV);35;639;5921;14100;Panchawati (RV);35;1;3
645349;Amkunj (RV);35;639;5921;14300;Amkunj (RV);35;1;3
645350;Nimbutala (RV);35;639;5921;14400;Nimbutala (RV);35;1;3
645351;Janakpur (RV);35;639;5921;14500;Janakpur (RV);35;1;3
645352;Desharatpur (RV);35;639;5921;14600;Desharatpur (RV);35;1;3
645353;Sitapur (RV);35;639;5921;14700;Sitapur (RV);35;1;3
645354;Mithila (RV);35;639;5921;14800;Mithila (RV);35;1;3
645355;Rangat (RV);35;639;5921;14900;Rangat (RV);35;1;3
645356;Rampur (RV);35;639;5921;15000;Rampur (RV);35;1;3
645357;Parnasala (RV);35;639;5921;15100;Parnasala (RV);35;1;3
645358;Sabari (RV);35;639;5921;15300;Sabari (RV);35;1;3
645359;Bharatpur (RV);35;639;5921;15600;Bharatpur (RV);35;1;3
645360;Shyamkund (RV);35;639;5921;15700;Shyamkund (RV);35;1;3
645361;Vishnupur (RV);35;639;5921;15800;Vishnupur (RV);35;1;3
645362;Laxmanpur (RV);35;639;5921;16000;Laxmanpur (RV);35;1;3
645363;Urmilapur (RV);35;639;5921;16100;Urmilapur (RV);35;1;3
645364;Kalsi (RV);35;639;5921;16200;Kalsi (RV);35;1;3
645365;Kaushalyanagar (RV);35;639;5921;16800;Kaushalyanagar (RV);35;1;3
645366;Saktigarh (RV);35;639;5921;17100;Saktigarh (RV);35;1;3
645367;Bangaon (RV);35;639;5921;17700;Bangaon (RV);35;1;3
645368;Yeratiljig (RV);35;639;5921;18000;Yeratiljig (RV);35;1;3
645369;Kadamtala (RV);35;639;5921;18600;Kadamtala (RV);35;1;3
645370;Santanu (RV);35;639;5921;18700;Santanu (RV);35;1;3
645371;Uttara (RV);35;639;5921;18800;Uttara (RV);35;1;3
645372;Long Island (RV);35;639;5921;19700;Long Island (RV);35;1;3
645373;Strait Island (AS);35;639;5921;20000;Strait Island (AS);35;1;3
645374;Adojig (RV) (including EFA);35;639;5921;20700;Adojig (RV);35;1;3
645375;Bejoygarh (RV);35;639;5921;20800;Bejoygarh (RV);35;1;3
645376;Udhaygarh (RV);35;639;5921;20900;Udhaygarh (RV);35;1;3
645377;Sundergarh (RV) (including EFA);35;639;5921;21300;Sundergarh (RV);35;1;3
645378;Kanchangarh (RV);35;639;5921;21400;Kanchangarh (RV);35;1;3
645379;Nilambur (RV);35;639;5921;21500;Nilambur (RV);35;1;3
645380;Abaygarh (RV);35;639;5921;21700;Abaygarh (RV);35;1;3
645381;Raglachang (RV);35;639;5921;21900;Raglachang (RV);35;1;3
645382;Nayagarh (RV);35;639;5921;22000;Nayagarh (RV);35;1;3
645383;Rajatgarh (RV);35;639;5921;22100;Rajatgarh (RV);35;1;3
645384;Wrafter's Creek (RV);35;639;5921;22300;Wrafter's Creek (RV);35;1;3
645385;Khatta Khari (RV);35;639;5921;22500;Khatta Khari (RV);35;1;3
645386;Cutbert Bay (EFA);35;639;5921;13100;Cutbert Bay (EFA);35;1;3
645387;Thoraktang (FC);35;639;5921;13400;Thoraktang (FC);35;1;3
645388;Dhani Nallaha (EFA);35;639;5921;13600;Dhani Nallaha (EFA);35;1;3
645389;Sippi Tikry (EFA);35;639;5921;13700;Sippi Tikry (EFA);35;1;3
645390;Sukha Nallaha (EFA);35;639;5921;13800;Sukha Nallaha (EFA);35;1;3
645391;Panchawati (EFA);35;639;5921;14200;Panchawati (EFA);35;1;3
645392;Parnasala II (FC);35;639;5921;15200;Parnasala II (FC);35;1;3
645393;Japan Tikri (EFA)       ;35;639;5921;15400;Japan Tikri (EFA)       ;35;1;3
645394;Gol Pahar (EFA);35;639;5921;15500;Gol Pahar (EFA);35;1;3
645395;Kalsi (JPPC);35;639;5921;16300;Kalsi (JPPC);35;1;3
645396;Sagwan Nallaha (FC);35;639;5921;16400;Sagwan Nallaha (FC);35;1;3
645397;Kalsi No. 6 (JPPC);35;639;5921;16500;Kalsi No. 6 (JPPC);35;1;3
645398;Kalsi No. 4 (JPPC);35;639;5921;16600;Kalsi No. 4 (JPPC);35;1;3
645399;Kalsi No. 3 (JPPC);35;639;5921;16700;Kalsi No. 3 (JPPC);35;1;3
645400;Charlungta (FC);35;639;5921;16900;Charlungta (FC);35;1;3
645401;Charlungta II (FC);35;639;5921;17000;Charlungta II (FC);35;1;3
645402;Boroinyol II (FC);35;639;5921;17200;Boroinyol II (FC);35;1;3
645403;Porlobjig No. 15 (FC, APWDC & JPPC);35;639;5921;17300;Porlobjig No. 15 (FC, APWDC & JPPC);35;1;3
645404;Dhani Nallaha (JA);35;639;5921;17400;Dhani Nallaha (JA);35;1;3
645405;Porlobjig No.10 (FC & JPPC)      ;35;639;5921;17500;Porlobjig No.10 (FC & JPPC)      ;35;1;3
645406;Porlobjig No.9 (JPPC);35;639;5921;17600;Porlobjig No.9 (JPPC);35;1;3
645407;Yeratiljig No. 9 (JPPC);35;639;5921;17800;Yeratiljig No. 9 (JPPC);35;1;3
645408;Yeratiljig No. 11 (JPPC);35;639;5921;17900;Yeratiljig No. 11 (JPPC);35;1;3
645409;Macarthy Valley (EFA);35;639;5921;18100;Macarthy Valley (EFA);35;1;3
645410;Boreham Valley (FS)           ;35;639;5921;18200;Boreham Valley (FS)           ;35;1;3
645411;Foster Valley (EFA);35;639;5921;18300;Foster Valley (EFA);35;1;3
645412;Jermyvalley(FS);35;639;5921;18400;Jermyvalley(FS);35;1;3
645413;Porlobjig No. 3 (JPPC, APWDC & ANIFPDC);35;639;5921;18500;Porlobjig No. 3 (JPPC, APWDC & ANIFPDC);35;1;3
645414;Bamboo Tikry (JPPC);35;639;5921;18900;Bamboo Tikry (JPPC);35;1;3
645415;Yeratiljig No. 10 (JPPC);35;639;5921;19000;Yeratiljig No. 10 (JPPC);35;1;3
645416;Foul Bay (JA);35;639;5921;19100;Foul Bay (JA);35;1;3
645417;Lakra Lungta (JA);35;639;5921;19200;Lakra Lungta (JA);35;1;3
645418;Between Chotaligbang and Foul Bay (JA) ;35;639;5921;19300;Between Chotaligbang and Foul Bay (JA) ;35;1;3
645419;Chotaligbang (JA)                 ;35;639;5921;19400;Chotaligbang (JA)                 ;35;1;3
645420;Porlob Depot. (FC)               ;35;639;5921;19500;Porlob Depot. (FC)               ;35;1;3
645421;Lalajig Bay (AC);35;639;5921;19600;Lalajig Bay (AC);35;1;3
645422;Merk Bay (AC);35;639;5921;19800;Merk Bay (AC);35;1;3
645423;Elephenstone Harbour (FC);35;639;5921;19900;Elephenstone Harbour (FC);35;1;3
645424;Pawajig (FC);35;639;5921;20100;Pawajig (FC);35;1;3
645425;Pawajig & Nayadera (FC);35;639;5921;20200;Pawajig & Nayadera (FC);35;1;3
645426;Lorrojig (FC) & Vishnu Nallaha (APWDC);35;639;5921;20300;Lorrojig (FC) & Vishnu Nallaha (APWDC);35;1;3
645427;Sastri Nallah (FC)                ;35;639;5921;20400;Sastri Nallah (FC)                ;35;1;3
645428;Papita Dera (FC);35;639;5921;20500;Papita Dera (FC);35;1;3
645429;Sanker Nallaha (PWDC);35;639;5921;20600;Sanker Nallaha (PWDC);35;1;3
645430;Bolcha (EFA);35;639;5921;21000;Bolcha (EFA);35;1;3
645431;Nilambur (EFA);35;639;5921;21100;Nilambur (EFA);35;1;3
645432;South Creek (EFA, FC & APWDC);35;639;5921;21200;South Creek (EFA, FC & APWDC);35;1;3
645433;Middle Strait (JPPC);35;639;5921;21600;Middle Strait (JPPC);35;1;3
645434;Raglachang (Nayadera) (FC);35;639;5921;21800;Raglachang (Nayadera) (FC);35;1;3
645435;Rajatgarh (EFA);35;639;5921;22200;Rajatgarh (EFA);35;1;3
645436;Wrafter's Creek (EFA);35;639;5921;22400;Wrafter's Creek (EFA);35;1;3
645437;Khatta Khari (EFA);35;639;5921;22600;Khatta Khari (EFA);35;1;3
645438;Spike Island (JA);35;639;5921;22700;Spike Island (JA);35;1;3
645439;Bakultala (CT);35;639;5921;15900;Bakultala (RV);35;1;3
645440;Shoal Bay (RV);35;640;5922;23300;Shoal Bay (RV);35;1;4
645441;Jirkatang No. 2 (RV);35;640;5922;23700;Jirkatang No. 2 (RV);35;1;4
645442;Kalatang (RV);35;640;5922;24000;Kalatang (RV);35;1;4
645443;Wright Myo (RV);35;640;5922;24100;Wright Myo (RV);35;1;4
645444;Madhuban (RV);35;640;5922;24200;Madhuban (RV);35;1;4
645445;Malapuram (RV);35;640;5922;24300;Malapuram (RV);35;1;4
645446;Mannarghat (RV);35;640;5922;24400;Mannarghat (RV);35;1;4
645527;Pahargaon part (RV);35;640;5923;31500;Pahargaon part (RV);35;1;5
645447;Mile Tilek (RV) & Mile Tilek (EFA);35;640;5922;24600;Mile Tilek (RV) & Mile Tilek (EFA);35;1;4
645448;Alipur (RV);35;640;5922;25000;Alipur (RV);35;1;4
645449;Wimberlygunj (RV);35;640;5922;25100;Wimberlygunj (RV);35;1;4
645450;Mount Harriet (RV);35;640;5922;25200;Mount Harriet (RV);35;1;4
645451;Stewartgunj (RV);35;640;5922;25300;Stweartgunj (RV);35;1;4
645452;Govindapuram (RV);35;640;5922;25400;Govindapuram (RV);35;1;4
645453;Knapuram (RV);35;640;5922;25500;Knapuram (RV);35;1;4
645454;Mathura (RV);35;640;5922;25600;Mathura (RV);35;1;4
645455;Temple Myo (RV);35;640;5922;25700;Temple Myo (RV);35;1;4
645456;Tirur (RV);35;640;5922;25800;Tirur (RV);35;1;4
645457;Herbertabad (RV);35;640;5922;26300;Herbertabad (RV);35;1;4
645458;Ferrargunj (RV);35;640;5922;26400;Ferrargunj (RV);35;1;4
645459;Bindraban (RV);35;640;5922;26500;Bindraban (RV);35;1;4
645460;Kadakachang (RV);35;640;5922;26600;Kadakachang (RV);35;1;4
645461;Hope Town (RV);35;640;5922;26700;Hope Town (RV);35;1;4
645462;North Bay (RV);35;640;5922;26800;North Bay (RV);35;1;4
645463;Shore Point (RV);35;640;5922;26900;Shore Point (RV);35;1;4
645464;Aniket (RV);35;640;5922;27000;Aniket (RV);35;1;4
645465;Caddlegunj (RV) (incl. Sona Pahar & Hazari Bagh (JPPC);35;640;5922;27100;Caddlegunj (RV);35;1;4
645466;Namunaghar (RV);35;640;5922;27200;Namunaghar (RV);35;1;4
645467;Dundas Point (RV);35;640;5922;27300;Dundas Point (RV);35;1;4
645468;Mithakhari (RV);35;640;5922;27400;Mithakhari (RV);35;1;4
645469;Tusnabad (RV);35;640;5922;27500;Tusnabad (RV);35;1;4
645470;Colinpur (RV);35;640;5922;27600;Colinpur (RV);35;1;4
645471;Manpur (RV);35;640;5922;27700;Manpur (RV);35;1;4
645472;Mohwa Dera (RV);35;640;5922;27800;Mohwa Dera (RV);35;1;4
645473;Hobdipur (RV);35;640;5922;27900;Hobdipur (RV);35;1;4
645474;Ograbraij (RV);35;640;5922;28000;Ograbraij (RV);35;1;4
645475;Muslim Basti (RV);35;640;5922;28100;Muslim Basti (RV);35;1;4
645476;Port Mouat (RV);35;640;5922;28200;Port Mouat (RV);35;1;4
645477;Balughat (RV);35;640;5922;28400;Balughat (RV);35;1;4
645478;Badmash Pahar (RV);35;640;5922;28500;Badmash Pahar (RV);35;1;4
645479;Craikabad (RV);35;640;5922;28600;Craikabad (RV);35;1;4
645480;Chouldari (RV);35;640;5922;28700;Chouldari (RV);35;1;4
645481;Dhanikhari (RV);35;640;5922;28800;Dhanikhari (RV);35;1;4
645482;Homfreygunj (RV);35;640;5922;28900;Homfreygunj (RV);35;1;4
645483;Maymyo (RV);35;640;5922;29000;Maymyo (RV);35;1;4
645484;Wandur (RV);35;640;5922;29200;Wandur (RV);35;1;4
645485;Hashmatabad (RV);35;640;5922;29300;Hashmatabad (RV);35;1;4
645486;Manglutan (RV);35;640;5922;29500;Manglutan (RV);35;1;4
645487;Nayashahar (RV);35;640;5922;29700;Nayashahar (RV);35;1;4
645488;Guptapara (RV);35;640;5922;29900;Guptapara (RV);35;1;4
645489;Manjeri (RV) & Line Dera (FC);35;640;5922;30000;Manjeri (RV) & Line Dera (FC);35;1;4
645490;Viper Island (RV);35;640;5922;30200;Viper Island (RV);35;1;4
645491;Flat Bay (RV);35;640;5922;30300;Flat Bay (RV);35;1;4
645492;Middle Strait (JPPC);35;640;5922;22800;Middle Strait (JPPC);35;1;4
645493;Potatang (FC)                  ;35;640;5922;22900;Potatang (FC)                  ;35;1;4
645494;Between Middle Strait (JPPC) & Jirkatang (JA) ;35;640;5922;23000;Between Middle Strait (JPPC) & Jirkatang (JA) ;35;1;4
645495;Shoal Bay 17 (FC)          ;35;640;5922;23100;Shoal Bay 17 (FC)          ;35;1;4
645496;Shoal Bay 19 (FC)          ;35;640;5922;23200;Shoal Bay 19 (FC)          ;35;1;4
645497;Mrichi Dera (EFA)            ;35;640;5922;23400;Mrichi Dera (EFA)            ;35;1;4
645498;Jirkatang Camp No. 7 (FC)     ;35;640;5922;23500;Jirkatang Camp No. 7 (FC)     ;35;1;4
645499;Jirkatang No.2 (EFA);35;640;5922;23600;Jirkatang No.2 (EFA);35;1;4
645500;Coffee Plot ;35;640;5922;23800;Coffee Plot ;35;1;4
645501;Mile Tilek  (JPPC);35;640;5922;23900;Mile Tilek  (JPPC);35;1;4
645502;Mile Tilek (ARF);35;640;5922;24500;Mile Tilek (ARF);35;1;4
645503;Tirur (JPPC)                  ;35;640;5922;24700;Tirur (JPPC)                  ;35;1;4
645504;Jhinga Nallaha (JPPC & APWDC);35;640;5922;24800;Jhinga Nallaha (JPPC & APWDC);35;1;4
645505;Beach Dera (EFA);35;640;5922;24900;Beach Dera (EFA);35;1;4
645506;Tirur I (JPPC);35;640;5922;25900;Tirur I (JPPC);35;1;4
645507;Anjali Nallaha (JPPC)            ;35;640;5922;26000;Anjali Nallaha (JPPC)            ;35;1;4
645508;Tirur IV (JPPC)                     ;35;640;5922;26100;Tirur IV (JPPC)                     ;35;1;4
645509;Tirur (JA);35;640;5922;26200;Tirur (JA);35;1;4
645510;Lohabarrack (WLS)            ;35;640;5922;28300;Lohabarrack (WLS)            ;35;1;4
645511;Maymyo (EFA);35;640;5922;29100;Maymyo (EFA);35;1;4
645512;Hashmatabad (EFA);35;640;5922;29400;Hashmatabad (EFA);35;1;4
645513;Manglutan (EFA);35;640;5922;29600;Manglutan (EFA);35;1;4
645514;Nayashahar (EFA);35;640;5922;29800;Nayashahar (EFA);35;1;4
645515;Pongi Balu (FC) & Bada Balu (EFA);35;640;5922;30100;Pongi Balu (FC) & Bada Balu (EFA);35;1;4
645516;Bambooflat (CT);35;640;5922;40101000;Bambooflat (CT);35;1;4
645517;Govinda Nagar (RV);35;640;5923;30500;Govinda Nagar (RV);35;1;5
645518;Bejoy Nagar (RV);35;640;5923;30600;Bejoy Nagar (RV);35;1;5
645519;Shyam Nagar (RV);35;640;5923;30700;Shyam Nagar (RV);35;1;5
645520;Krishna Nagar (RV);35;640;5923;30800;Krishna Nagar (RV);35;1;5
645521;Radha Nagar (RV);35;640;5923;30900;Radha Nagar (RV);35;1;5
645522;Sitapur (RV);35;640;5923;31000;Sitapur (RV);35;1;5
645523;Bharatpur (RV);35;640;5923;31100;Bharatpur (RV);35;1;5
645524;Neil Kendra (RV);35;640;5923;31200;Neil Kendra (RV);35;1;5
645525;Lakshmanpur (RV);35;640;5923;31300;Lakshmanpur (RV);35;1;5
645526;Ram Nagar (RV);35;640;5923;31400;Ram Nagar (RV);35;1;5
645528;School Line part (RV);35;640;5923;31600;School Line part (RV);35;1;5
645529;Dollygunj (RV);35;640;5923;31700;Dollygunj (RV);35;1;5
645530;Minnie Bay part (RV);35;640;5923;31800;Minnie Bay part (RV);35;1;5
645531;Brookshabad part (RV);35;640;5923;31900;Brookshabad part (RV);35;1;5
645532;Brichgunj (RV);35;640;5923;32000;Brichgunj (RV);35;1;5
645533;Teylorabad (RV);35;640;5923;32200;Teylorabad (RV);35;1;5
645534;Sippighat (RV);35;640;5923;32300;Sippighat (RV);35;1;5
645535;Bimilitan (RV) & Kodiyaghat;35;640;5923;32400;Bimilitan (RV) & Kodiyaghat;35;1;5
645536;Calicut (RV);35;640;5923;32500;Calicut (RV);35;1;5
645537;Beadnabad (RV);35;640;5923;32600;Beadnabad (RV);35;1;5
645538;Rangachang (RV);35;640;5923;32700;Rangachang (RV);35;1;5
645539;Chidiyatapu (RV);35;640;5923;32800;Chidiyatapu (RV);35;1;5
645540;Rutland (RV);35;640;5923;33400;Rutland (RV);35;1;5
645541;John Lawrance (FC);35;640;5923;30400;John Lawrance (FC);35;1;5
645542;Bada Nallaha/Bada Balu (EFA);35;640;5923;32900;Bada Nallaha/Bada Balu (EFA);35;1;5
645543;Chidiyatapu (WLS);35;640;5923;33000;Chidiyatapu (WLS);35;1;5
645544;Munda Pahar (EFA);35;640;5923;33100;Munda Pahar (EFA);35;1;5
645545;R.M.Point (FC);35;640;5923;33200;R.M.Point (FC);35;1;5
645546;Bamboo Nallaha(EFA) incl. Kichad Nallaha(EFA);35;640;5923;33300;Bamboo Nallaha(EFA) incl. Kichad Nallaha(EFA);35;1;5
645547;Bada Khari (FC);35;640;5923;33500;Bada Khari (FC);35;1;5
645548;North Sentinel Island (SA);35;640;5923;33600;North Sentinel Island (SA);35;1;5
645549;Cinque Island (WLS)             ;35;640;5923;33700;Cinque Island (WLS)             ;35;1;5
645550;Prothrapur (CT);35;640;5923;32100;Prothrapur (RV);35;1;5
645551;Garacharma (CT);35;640;5923;40103000;Garacharma (CT);35;1;5
645552;Dugong Creek (OS);35;640;5924;33800;Dugong Creek (OS);35;1;5
645553;Vivekanandapuram (RV);35;640;5924;33900;Vivekanandapuram (RV);35;1;5
645554;Rabindra Nagar (RV);35;640;5924;34000;Rabindra Nagar (RV);35;1;5
645555;Ramakrishnapur (RV);35;640;5924;34200;Ramakrishnapur (RV);35;1;5
645556;Netaji Nagar (RV);35;640;5924;34900;Netaji Nagar (RV);35;1;5
645557;M/s Asia & Company (Asia Timber Product);35;640;5924;35200;M/s Asia & Company (Asia Timber Product);35;1;5
645558;Hut Bay (RV);35;640;5924;35300;Hut Bay (RV);35;1;5
645559;Harmender Bay (NS);35;640;5924;35400;Harmender Bay (NS);35;1;5
645560;South Bay (Light House Camp);35;640;5924;35500;South Bay (Light House Camp);35;1;5
645561;South Bay (OS);35;640;5924;35600;South Bay (OS);35;1;5
645562;Forest Camp at 19 km. (FDCA);35;640;5924;34100;Forest Camp at 19 km. (FDCA);35;1;5
645563;Forest Camp at 14 km. 5-III (FDCA);35;640;5924;34300;Forest Camp at 14 km. 5-III (FDCA);35;1;5
645564;Forest Camp at 14 km. 5-II (FDCA);35;640;5924;34400;Forest Camp at 14 km. 5-II (FDCA);35;1;5
645565;Forest Camp at 14 Km 5 - I (FDCA)       ;35;640;5924;34500;Forest Camp at 14 Km 5 - I (FDCA)       ;35;1;5
645566;Butler Bay Forest Camp 4-III (FDCA);35;640;5924;34600;Butler Bay Forest Camp 4-III (FDCA);35;1;5
645567;Butler Bay Forest Camp 4-IV (FDCA);35;640;5924;34700;Butler Bay Forest Camp 4-IV (FDCA);35;1;5
645568;Red Oil Palm (Nursery Camp);35;640;5924;34800;Red Oil Palm (Nursery Camp);35;1;5
645569;Butler Bay Forest Camp 4-II (FDCA);35;640;5924;35000;Butler Bay Forest Camp 4-II (FDCA);35;1;5
645570;Butler Bay Forest Camp 4-I (FDCA);35;640;5924;35100;Butler Bay Forest Camp 4-I (FDCA);35;1;5
