village_code_2011;village_name_2011;state_code_2011;district_code_2011;sub_district_code_2011;village_code_2001;village_name_2001;state_code_2001;district_code_2001;sub_district_code_2001
266967;Tiru (Lower);13;261;1744;100;Tiru (Lower);13;1;1
266968;Tiru (Upper);13;261;1744;200;Tiru (Upper);13;1;1
266969;Namthai;13;261;1744;300;Namthai;13;1;1
266970;Hotahoti;13;261;1744;400;Hotahoti;13;1;1
266971;Mahung (UR);13;261;1744;400;Hotahoti;13;1;1
266972;Kongon;13;261;1744;600;Kongon;13;1;1
266973;Laokhun;13;261;1745;700;Laokhun;13;1;2
266974;Tingalibam (Sakho);13;261;1745;800;Tingalibam (Sakho);13;1;2
266975;Yanpan;13;261;1745;900;Yanpan;13;1;2
266976;Tela;13;261;1745;1000;Tela;13;1;2
266977;Tizit Hq;13;261;1745;1100;Tizit Hq;13;1;2
266978;Tekun (UR);13;261;1745;1200;Tekun (UR);13;1;2
266979;Lapa;13;261;1745;1300;Lapa;13;1;2
266980;Lapalampong (UR);13;261;1745;1400;Lapalampong (UR);13;1;2
266981;Longlem;13;261;1745;1500;Longlem;13;1;2
266982;Tizit Village;13;261;1745;1600;Tizit Village;13;1;2
266983;Tekang (UR);13;261;1745;1600;Tizit Village;13;1;2
266984;Old Sangsa (UR);13;261;1745;1700;Old Sangsa (UR);13;1;2
266985;Sangsa;13;261;1745;1800;Sangsa;13;1;2
266986;Ngangtan (UR);13;261;1745;1800;Sangsa;13;1;2
266987;Ngangting;13;261;1745;1900;Ngangting;13;1;2
266988;Zakho;13;261;1745;2000;Zakho;13;1;2
266989;Nokzang;13;261;1746;2200;Nokzang;13;1;3
266990;Joboka;13;261;1746;2300;Joboka;13;1;3
266991;Neitong;13;261;1746;2400;Neitong;13;1;3
266992;Hunta Hq;13;261;1746;2500;Hunta Hq;13;1;3
266993;Yannyu Laishan (UR);13;261;1746;2500;Hunta Hq;13;1;3
266994;Laokhu;13;261;1746;2600;Laokhu;13;1;3
266995;Old Jaboka (UR);13;261;1746;2600;Laokhu;13;1;3
266996;Longting;13;261;1746;2700;Longting;13;1;3
266997;Nokyan;13;261;1746;2800;Nokyan;13;1;3
266998;Yannyu;13;261;1746;2900;Yannyu;13;1;3
266999;Zangkham Tingsa ;13;261;1747;3000;Zangkham Tingsa ;13;1;4
267000;Zangkham;13;261;1747;3100;Zangkham;13;1;4
267001;Nyasha;13;261;1747;3200;Nyasha;13;1;4
267002;Shangnyu;13;261;1747;3300;Shangnyu;13;1;4
267003;Longpho;13;261;1747;3400;Longpho;13;1;4
267004;Oting;13;261;1748;3500;Oting;13;1;5
267005;Tekuk (UR);13;261;1748;3500;Oting;13;1;5
267006;Wangla;13;261;1748;3600;Wangla;13;1;5
267007;Goching;13;261;1748;3700;Goching;13;1;5
267008;Tuimei;13;261;1748;3800;Tuimei;13;1;5
267009;Phuktong;13;261;1748;3900;Phuktong;13;1;5
267010;Lampongsheanghah;13;261;1748;4000;Lampongsheanghah;13;1;5
267011;Hongphoi;13;261;1748;4100;Hongphoi;13;1;5
267012;Pongkong;13;261;1748;4200;Pongkong;13;1;5
267013;Longkai;13;261;1748;4300;Longkai;13;1;5
267014;Leangnyu;13;261;1748;4400;Leangnyu;13;1;5
267015;Mon Village;13;261;1748;4500;Mon Village;13;1;5
267016;Leangha;13;261;1748;4600;Leangha;13;1;5
267017;Chui;13;261;1748;4700;Chui;13;1;5
267018;Totokchingnyu;13;261;1748;4800;Totokchingnyu;13;1;5
267019;Totok Chinglem (UR);13;261;1748;4800;Totokchingnyu;13;1;5
267020;Totokchingha;13;261;1748;4900;Totokchingha;13;1;5
267021;Totokchingkho;13;261;1748;5000;Totokchingkho;13;1;5
267022;Tanhai;13;261;1749;5100;Tanhai;13;1;6
267023;Wakching Hq;13;261;1749;5200;Wakching Hq;13;1;6
267024;Shiyong;13;261;1749;5300;Shiyong;13;1;6
267025;Lampong Wakching (UR);13;261;1749;5300;Shiyong;13;1;6
267026;Wakching ;13;261;1749;5400;Wakching ;13;1;6
267027;Wakching Chingla Vill.;13;261;1749;5400;Wakching ;13;1;6
267028;Wanching;13;261;1749;5500;Wanching;13;1;6
267029;Chingtang;13;261;1749;5600;Chingtang;13;1;6
267030;Chingphoi;13;261;1749;5700;Chingphoi;13;1;6
267031;Chinglong;13;261;1750;5800;Chinglong;13;1;7
267032;Langmeang;13;261;1750;5900;Langmeang;13;1;7
267033;Aboi Hq;13;261;1750;6000;Aboi Hq;13;1;7
267034;Aopao Changle;13;261;1750;6000;Aboi Hq;13;1;7
267035;Ao Pao;13;261;1750;6100;Ao Pao;13;1;7
267036;Ngangching;13;261;1750;6200;Ngangching;13;1;7
267037;Chuhachinglen;13;261;1750;6300;Chuhachinglen;13;1;7
267038;Chuhachingnyu;13;261;1750;6400;Chuhachingnyu;13;1;7
267039;Tang;13;261;1751;6500;Tang;13;1;8
267040;Yuting ;13;261;1751;6600;Yuting ;13;1;8
267041;Longshen Hq;13;261;1751;6700;Longshen Hq;13;1;8
267042;Shianghatangteh;13;261;1751;6800;Shianghatangteh;13;1;8
267043;Shianghachingnyu;13;261;1751;6900;Shianghachingnyu;13;1;8
267044;Shianghamokok;13;261;1751;7000;Shianghamokok;13;1;8
267045;Shianghawamsa;13;261;1751;7100;Shianghawamsa;13;1;8
267046;Pukha;13;261;1752;7200;Pukha;13;1;9
267047;Longzang;13;261;1752;7300;Longzang;13;1;9
267048;Wetting;13;261;1752;7400;Wetting;13;1;9
267049;Phomching Hq;13;261;1752;7500;Phomching Hq;13;1;9
267050;Nyahnyu;13;261;1752;7600;Nyahnyu;13;1;9
267051;Longwa;13;261;1752;7700;Longwa;13;1;9
267052;Longwa Wasa;13;261;1752;7700;Longwa;13;1;9
267053;Choknyu;13;261;1753;7800;Choknyu;13;1;10
267054;Chen Hq;13;261;1753;7900;Chen Hq;13;1;10
267055;Chenmoho;13;261;1753;8000;Chenmoho;13;1;10
267056;Chenwetnyu;13;261;1753;8100;Chenwetnyu;13;1;10
267057;Chenloisho;13;261;1753;8200;Chenloisho;13;1;10
267058;Chingpong (UR) ;13;261;1753;8200;Chenloisho;13;1;10
267059;Chingkao Chingnyu;13;261;1753;8300;Chingkao Chingnyu;13;1;10
267060;Chingkao Chingha;13;261;1753;8400;Chingkao Chingha;13;1;10
267061;Wangti;13;261;1753;8500;Wangti;13;1;10
267062;Changai Hongnyu (UR);13;261;1754;8500;Wangti;13;1;10
267063;Mohung;13;261;1754;8600;Mohung;13;1;11
267064;Sowa Changle;13;261;1754;8600;Mohung;13;1;11
267065;Sowa;13;261;1754;8700;Sowa;13;1;11
267066;Longching Village;13;261;1754;8800;Longching Village;13;1;11
267067;Longching Hq;13;261;1754;8900;Longching Hq;13;1;11
267068;Changlang;13;261;1754;9000;Changlang;13;1;11
267069;Angphang;13;261;1754;9100;Angphang;13;1;11
267070;Angjangyang Vill.;13;261;1754;9200;Angjangyang Vill.;13;1;11
267071;Angjangyang Hq.;13;261;1754;9200;Angjangyang Vill.;13;1;11
267072;Jakphang;13;261;1754;9300;Jakphang;13;1;11
267073;Yei;13;261;1755;9400;Yei;13;1;12
267074;Yonghong;13;261;1755;9500;Yonghong;13;1;12
267075;Changnyu;13;261;1755;9600;Changnyu;13;1;12
267076;Kenjenshu;13;261;1755;9700;Kenjenshu;13;1;12
267077;Yakshu;13;261;1755;9800;Yakshu;13;1;12
267078;Angchen (UR);13;261;1755;9800;Yakshu;13;1;12
267079;Mopong Hq;13;261;1755;9900;Mopong Hq;13;1;12
267080;Ukha;13;261;1755;10000;Ukha;13;1;12
267081;Changkhoang (UR);13;261;1755;10000;Ukha;13;1;12
267082;Tamkong;13;261;1756;10100;Tamkong;13;1;13
267083;Shamnyu;13;261;1756;10200;Shamnyu;13;1;13
267084;Tobu HQ;13;261;1756;10300;Tobu HQ;13;1;13
267085;Tobu Village;13;261;1756;10400;Tobu Village;13;1;13
267086;Thannyak (UR);13;261;1757;10400;Tobu Village;13;1;14
267087;Meinchangle;13;261;1757;10400;Tobu Village;13;1;14
267088;Monyakshu Village;13;261;1757;10500;Monyakshu Village;13;1;14
267089;Monyakshu Hq;13;261;1757;10600;Monyakshu Hq;13;1;14
267090;Changlangshu;13;261;1757;10700;Changlangshu;13;1;14
267091;Changsha (UR);13;261;1757;10700;Changlangshu;13;1;14
267092;Bumei S/Comp.;13;261;1757;10800;Bumei S/Comp.;13;1;14
267093;Pesao;13;261;1757;10900;Pesao;13;1;14
267094;Changlu;13;261;1757;10900;Pesao;13;1;14
267095;Yongkhao;13;261;1757;11000;Yongkhao;13;1;14
267096;Eyiang (UR);13;261;1757;11000;Yongkhao;13;1;14
267097;Shinnyu;13;261;1757;11100;Shinnyu;13;1;14
267098;Yajang 'B';13;262;1758;36800;Yajang 'B';13;3;1
267099;Yajang Model Vill. (UR);13;262;1758;36800;Yajang 'B';13;3;1
267100;Yajang 'A';13;262;1758;36900;Yajang 'A';13;3;1
267101;Yajang 'C';13;262;1758;37000;Yajang 'C';13;3;1
267102;Lirmen;13;262;1758;37100;Lirmen;13;3;1
267103;Saring;13;262;1758;37200;Saring;13;3;1
267104;Akumen;13;262;1758;37300;Akumen;13;3;1
267105;Tsurmen;13;262;1758;37400;Tsurmen;13;3;1
267106;Aonokpuyimsen (UR);13;262;1758;37500;Aonokpuyimsen (UR);13;3;1
267107;Aonokpu;13;262;1758;37600;Aonokpu;13;3;1
267108;Longchem Comp.;13;262;1758;37700;Longchem Comp.;13;3;1
267109;Nokpu;13;262;1758;37800;Nokpu;13;3;1
267110;Changdang;13;262;1758;37900;Changdang;13;3;1
267111;Lizo Model Vill. (UR);13;262;1758;37900;Changdang;13;3;1
267112;Lakhuni;13;262;1758;38000;Lakhuni;13;3;1
267113;Alongtaki Comp. (UR);13;262;1758;38100;Alongtaki Comp. (UR);13;3;1
267114;Molungyimsen;13;262;1759;38200;Molungyimsen;13;3;2
267115;Molungyimsen 'B' (Luyong);13;262;1759;38200;Molungyimsen;13;3;2
267116;Molungkimong;13;262;1759;38300;Molungkimong;13;3;2
267117;Yimjenkimong;13;262;1759;38400;Yimjenkimong;13;3;2
267118;Waromong;13;262;1759;38500;Waromong;13;3;2
267119;Waromong Comp.;13;262;1759;38600;Waromong Comp.;13;3;2
267120;Alongkima Hq;13;262;1759;38700;Alongkima Hq;13;3;2
267121;Dibuia Comp.;13;262;1759;38700;Alongkima Hq;13;3;2
267122;Dibuia;13;262;1759;38800;Dibuia;13;3;2
267123;Mongchen;13;262;1759;38900;Mongchen;13;3;2
267124;Anaki 'C';13;262;1760;39100;Anaki 'C';13;3;3
267125;Anakiyimsen;13;262;1760;39200;Anakiyimsen;13;3;3
267126;Kangtsung Yimsen (UR) ;13;262;1760;39300;Kangtsung Yimsen (UR) ;13;3;3
267127;Anaki;13;262;1760;39400;Anaki;13;3;3
267128;Wamakenyimsen (UR);13;262;1760;39400;Anaki;13;3;3
267129;Wamaken;13;262;1760;39500;Wamaken;13;3;3
267130;Kangtsung;13;262;1760;39600;Kangtsung;13;3;3
267131;Aopenzu;13;262;1760;39900;Aopenzu;13;3;3
267132;Merangkong;13;262;1760;40000;Merangkong;13;3;3
267133;Merangkong Comp.;13;262;1760;40100;Merangkong Comp.;13;3;3
267134;Asangma;13;262;1760;40200;Asangma;13;3;4
267135;Tsudikong (13th Mile Tuli Paper Mill ) (CT);13;262;1760;39700;Tsudikong (13th Mile Tuli Paper Mill);13;3;3
267136;Yaongyimsen Comp.;13;262;1761;40300;Yaongyimsen Comp.;13;3;4
267137;Yaongyimsen;13;262;1761;40400;Yaongyimsen;13;3;4
267138;Changtongya (Old);13;262;1761;40500;Changtongya (Old);13;3;4
267139;Changtongya (New);13;262;1761;40600;Changtongya (New);13;3;4
267140;Kilingmen;13;262;1761;40900;Kilingmen;13;3;4
267141;Akhoia;13;262;1761;41000;Akhoia;13;3;4
267142;Unger;13;262;1761;41100;Unger;13;3;4
267143;Chuchuyimlang Vill.;13;262;1762;41200;Chuchuyimlang Vill.;13;3;5
267144;Chuchuyimlang;13;262;1762;41300;Chuchuyimlang;13;3;5
267145;Salulemang;13;262;1762;41400;Salulemang;13;3;5
267146;Yaongyimti (Old);13;262;1762;41500;Yaongyimti (Old);13;3;5
267147;Phangsang Comp.;13;262;1762;41600;Phangsang Comp.;13;3;5
267148;Yaongyimti (New);13;262;1762;41700;Yaongyimti (New);13;3;5
267149;Mongsenyimti;13;262;1762;41800;Mongsenyimti;13;3;5
267150;Mongsenyimti Comp. (UR);13;262;1762;41900;Mongsenyimti Comp. (UR);13;3;5
267151;Yisemyong Comp.;13;262;1762;42000;Yisemyong Comp.;13;3;5
267152;Longkong;13;262;1762;42100;Longkong;13;3;5
267153;Chakpa;13;262;1762;42200;Chakpa;13;3;5
267154;Khanimu;13;262;1763;42200;Chakpa;13;3;6
267155;Longjang;13;262;1763;42300;Longjang;13;3;6
267156;Longpa;13;262;1763;42400;Longpa;13;3;6
267157;Kubolong Hq;13;262;1763;42500;Kubolong Hq;13;3;6
267158;Chami;13;262;1763;42600;Chami;13;3;6
267159;Mopungchukit;13;262;1763;42700;Mopungchukit;13;3;6
267160;Sungratsu;13;262;1763;42800;Sungratsu;13;3;6
267161;Impur Comp.;13;262;1763;42900;Impur Comp.;13;3;6
267162;Alongchen Comp.;13;262;1763;43000;Alongchen Comp.;13;3;6
267163;Yimchalu;13;262;1763;43000;Alongchen Comp.;13;3;6
267164;Khar;13;262;1764;39000;Khar;13;3;2
267165;Japu;13;262;1764;44100;Japu;13;3;7
267166;Longsemdang;13;262;1764;44200;Longsemdang;13;3;7
267167;Mangkolemba Hq;13;262;1764;44300;Mangkolemba Hq;13;3;7
267168;Longtho;13;262;1764;44400;Longtho;13;3;7
267169;Satsukba;13;262;1764;44500;Satsukba;13;3;7
267170;Atuphumi;13;262;1764;44600;Atuphumi;13;3;7
267171;Chungliyimsen;13;262;1764;44700;Chungliyimsen;13;3;7
267172;Shihaphumi;13;262;1764;44800;Shihaphumi;13;3;7
267173;Puneboto Comp.;13;262;1764;44900;Puneboto Comp.;13;3;7
267174;Longnak;13;262;1764;45000;Longnak;13;3;7
267175;Chungliyimsen Comp.;13;262;1764;45100;Chungliyimsen Comp.;13;3;7
267176;Merakiong;13;262;1764;45200;Merakiong;13;3;7
267177;Changki;13;262;1764;45300;Changki;13;3;7
267178;Tsutapela (UR);13;262;1765;43100;Tsutapela (UR);13;3;7
267179;Aosungkum;13;262;1765;43200;Aosungkum;13;3;7
267180;Aokum;13;262;1765;43300;Aokum;13;3;7
267181;Vikuto (UR);13;262;1765;43300;Aokum;13;3;7
267182;Aosenden;13;262;1765;43400;Aosenden;13;3;7
267183;Chungtiayimsen;13;262;1765;43500;Chungtiayimsen;13;3;7
267184;Longphayimsen;13;262;1765;43600;Longphayimsen;13;3;7
267185;Watiyim;13;262;1765;43700;Watiyim;13;3;7
267186;Moayimti;13;262;1765;43800;Moayimti;13;3;7
267187;Medemyim;13;262;1765;43900;Medemyim;13;3;7
267188;Chungtia;13;262;1766;45400;Chungtia;13;3;8
267189;Longjongkong (New Camp) (UR);13;262;1766;45400;Chungtia;13;3;8
267190;Aliba;13;262;1766;45500;Aliba;13;3;8
267191;Kinunger;13;262;1766;45600;Kinunger;13;3;8
267192;Mekuli;13;262;1766;45700;Mekuli;13;3;8
267193;Khensa;13;262;1766;45800;Khensa;13;3;8
267194;Mokokchung Vill.;13;262;1766;46000;Mokokchung Vill.;13;3;8
267195;Chubayimkum;13;262;1766;46100;Chubayimkum;13;3;8
267196;Chuchuyimpang;13;262;1766;46200;Chuchuyimpang;13;3;8
267197;Longmisa;13;262;1766;46300;Longmisa;13;3;8
267198;Kupza;13;262;1766;46400;Kupza;13;3;8
267199;Mangmetong;13;262;1766;46500;Mangmetong;13;3;8
267200;Longkhum;13;262;1766;46600;Longkhum;13;3;8
267201;Alichen (UR);13;262;1766;46600;Longkhum;13;3;8
267202;Settsu;13;262;1766;46700;Settsu;13;3;8
267203;Ungma;13;262;1766;46800;Ungma;13;3;8
267204;Moalenden;13;262;1766;46900;Moalenden;13;3;8
267205;Meyilong;13;262;1766;47000;Meyilong;13;3;8
267206;Longsa;13;262;1766;47200;Longsa;13;3;8
267207;Izheto;13;263;1767;47300;Izheto;13;4;1
267208;Sastami;13;263;1767;47400;Sastami;13;4;1
267209;V.K. Hq;13;263;1767;47500;V.K. Hq;13;4;1
267210;Ajiqami;13;263;1767;47600;Ajiqami;13;4;1
267211;Maromi;13;263;1767;47700;Maromi;13;4;1
267212;Litta (Old);13;263;1767;47800;Litta (Old);13;4;1
267213;Litta (New);13;263;1767;47900;Litta (New);13;4;1
267214;Phushumi;13;263;1767;48000;Phushumi;13;4;1
267215;Mukhami;13;263;1767;48100;Mukhami;13;4;1
267216;Sumi Settsu;13;263;1768;48300;Sumi Settsu;13;4;2
267217;Zaphumi;13;263;1768;48400;Zaphumi;13;4;2
267218;Lumami;13;263;1768;48500;Lumami;13;4;2
267219;Alaphumi;13;263;1768;48600;Alaphumi;13;4;2
267220;Lumthsami;13;263;1768;48700;Lumthsami;13;4;2
267221;Akuluto;13;263;1768;48800;Akuluto;13;4;2
267222;Sutemi;13;263;1768;48900;Sutemi;13;4;2
267223;Shichimi;13;263;1768;49000;Shichimi;13;4;2
267224;Lotisami (New);13;263;1768;49100;Lotisami (New);13;4;2
267225;Lotisami (Old);13;263;1768;49200;Lotisami (Old);13;4;2
267226;Lithsami;13;263;1769;18300;Lithsami;13;2;6
267227;Sapotimi;13;263;1769;49300;Sapotimi;13;4;3
267228;Tichipami;13;263;1769;49400;Tichipami;13;4;3
267229;Zhekuto;13;263;1769;49500;Zhekuto;13;4;3
267230;Kholeboto;13;263;1769;49600;Kholeboto;13;4;3
267231;Kiyetha;13;263;1769;49700;Kiyetha;13;4;3
267232;Surumi;13;263;1769;49800;Surumi;13;4;3
267233;Suruhuto Hq;13;263;1769;49900;Suruhuto Hq;13;4;3
267234;Yehemi;13;263;1769;50000;Yehemi;13;4;3
267235;Phuye (Old);13;263;1769;50100;Phuye (Old);13;4;3
267236;Aichi Saghami;13;263;1769;50100;Phuye (Old);13;4;3
267237;Phuye (New)   ;13;263;1769;50400;Phuye (New)   ;13;4;3
267238;Vedami;13;263;1769;50500;Vedami;13;4;3
267239;Naltoqa;13;263;1769;50600;Naltoqa;13;4;3
267240;Akhakhu;13;263;1770;50700;Akhakhu;13;4;4
267241;Khumishi 'B';13;263;1770;50800;Khumishi 'B';13;4;4
267242;Khumishi 'A' Y. Khel;13;263;1770;50800;Khumishi 'B';13;4;4
267243;Atunakugha;13;263;1770;50900;Atunakugha;13;4;4
267244;Khumishi 'A';13;263;1770;51000;Khumishi 'A';13;4;4
267245;T.Island  S/Comp.;13;263;1770;51100;T.Island  S/Comp.;13;4;4
267246;Kathara;13;263;1770;51200;Kathara;13;4;4
267247;Yeshito;13;263;1770;51300;Yeshito;13;4;4
267248;Kikhevi;13;263;1770;51400;Kikhevi;13;4;4
267249;Yevishe;13;263;1770;51500;Yevishe;13;4;4
267250;Nihoshe  (N);13;263;1770;51600;Nihoshe  (N);13;4;4
267251;Achikuchu  'B';13;263;1770;51700;Achikuchu  'B';13;4;4
267252;Achikuchu 'A'        ;13;263;1770;51800;Achikuchu 'A'        ;13;4;4
267253;Asuto Hq;13;263;1770;51900;Asuto Hq;13;4;4
267254;Asuto Vill.;13;263;1770;52000;Asuto Vill.;13;4;4
267255;Tokiye;13;263;1770;52100;Tokiye;13;4;4
267256;Tazuhumi;13;263;1770;52200;Tazuhumi;13;4;4
267257;Tuzuhumi;13;263;1770;52300;Tuzuhumi;13;4;4
267258;Sahuboto  S/Comp.;13;263;1770;52400;Sahuboto  S/Comp.;13;4;4
267259;Koiboto;13;263;1770;52500;Koiboto;13;4;4
267260;Kitahumi;13;263;1770;52600;Kitahumi;13;4;4
267261;Satami;13;263;1770;52700;Satami;13;4;4
267262;Lizutomi;13;263;1770;52800;Lizutomi;13;4;4
267263;Aghulitomi;13;263;1770;52900;Aghulitomi;13;4;4
267264;Nizhevi;13;263;1770;53000;Nizhevi;13;4;4
267265;Ngozubomi;13;263;1770;53100;Ngozubomi;13;4;4
267266;Melahumi;13;263;1770;53200;Melahumi;13;4;4
267267;Phuleshetomi;13;263;1771;53300;Phuleshetomi;13;4;5
267268;Luthsumi;13;263;1771;53400;Luthsumi;13;4;5
267269;Keltomi;13;263;1771;53500;Keltomi;13;4;5
267270;Lukhuyimi;13;263;1771;53600;Lukhuyimi;13;4;5
267271;Zheishe;13;263;1771;53800;Zheishe;13;4;5
267272;Shevishe;13;263;1771;53900;Shevishe;13;4;5
267273;Akubani New;13;263;1771;54000;Akumbani‘A’;13;4;5
267274;Akubani Old;13;263;1771;54100;Akumbani‘B’;13;4;5
267275;Lukikhe;13;263;1771;54200;Lukikhe;13;4;5
267276;Ghokishe;13;263;1771;54300;Ghokishe;13;4;5
267277;Aghunato Hq;13;263;1771;54400;Aghunato Hq;13;4;5
267278;Luvishe (Old);13;263;1771;54500;Luvishe (Old);13;4;5
267279;Thokihimi;13;263;1771;54600;Thokihimi;13;4;5
267280;Tsukomi;13;263;1771;54700;Tsukomi;13;4;5
267281;Luvishe (New);13;263;1771;54800;Luvishe (New);13;4;5
267282;Viyilho;13;263;1771;54900;Viyilho;13;4;5
267283;Viyixe;13;263;1771;55000;Viyixe;13;4;5
267284;Tokiye;13;263;1771;55100;Tokiye;13;4;5
267285;Khukishe;13;263;1771;55200;Khukishe;13;4;5
267286;Yezashimi;13;263;1771;55300;Yezashimi;13;4;5
267287;Aghiyilimi;13;263;1771;55400;Aghiyilimi;13;4;5
267288;Khetoi;13;263;1771;55500;Khetoi;13;4;5
267289;Khewoto;13;263;1771;55600;Khewoto;13;4;5
267290;Hoshepu;13;263;1771;55700;Hoshepu;13;4;5
267291;Hoshepu S/Comp.;13;263;1771;55800;Hoshepu S/Comp.;13;4;5
267292;Khekiye;13;263;1771;55900;Khekiye;13;4;5
267293;Nihoshe (S);13;263;1771;56000;Nihoshe (S);13;4;5
267294;Tsutha Hydel Project;13;263;1771;56100;Tsutha Hydel Project;13;4;5
267295;Asukhomi;13;263;1772;56200;Asukhomi;13;4;6
267296;Lochomi;13;263;1772;56300;Lochomi;13;4;6
267297;Yezami;13;263;1772;56400;Yezami;13;4;6
267298;Kheshepu;13;263;1772;56400;Yezami;13;4;6
267299;Lizu Aviqato;13;263;1772;56500;Lizu Aviqato;13;4;6
267300;Lizu (New);13;263;1772;56600;Lizu (New);13;4;6
267301;Lizu (Old);13;263;1772;56700;Lizu (Old);13;4;6
267302;Lizu Naghuto;13;263;1772;56800;Lizu Naghuto;13;4;6
267303;Hekiye;13;263;1772;56900;Hekiye;13;4;6
267304;New Land;13;263;1772;57000;New Land;13;4;6
267305;Kawoto;13;263;1772;57100;Kawoto;13;4;6
267306;Baimho;13;263;1772;57200;Baimho;13;4;6
267307;Shotomi;13;263;1772;57300;Shotomi;13;4;6
267308;Natha (New);13;263;1772;57400;Natha (New);13;4;6
267309;Kulhopu;13;263;1772;57500;Kulhopu;13;4;6
267310;Nikuto;13;263;1772;57600;Nikuto;13;4;6
267311;Ghukiye;13;263;1772;57700;Ghukiye;13;4;6
267312;Xukhepu;13;263;1772;57800;Xukhepu;13;4;6
267313;Zungti;13;263;1772;57900;Zungti;13;4;6
267314;Natha (Old);13;263;1772;58000;Natha (Old);13;4;6
267315;Sheipu;13;263;1772;58200;Sheipu;13;4;6
267316;Sukhalu;13;263;1772;58300;Sukhalu;13;4;6
267317;Yemishe;13;263;1772;58400;Yemishe;13;4;6
267318;Lokobomi;13;263;1773;58500;Lokobomi;13;4;7
267319;Apukito (UR);13;263;1773;58600;Apukito (UR);13;4;7
267320;Aizuto Mission Centre (UR);13;263;1773;58700;Aizuto Mission Centre (UR);13;4;7
267321;Awotsakilimi;13;263;1773;58800;Awotsakilimi;13;4;7
267322;Naghuto (Old);13;263;1773;58900;Naghuto (Old);13;4;7
267323;Naghuto (New);13;263;1773;59000;Naghuto (New);13;4;7
267324;Mapulumi;13;263;1773;59100;Mapulumi;13;4;7
267325;Atoizu Hq;13;263;1773;59200;Atoizu Hq;13;4;7
267326;Kitsakita  (UR);13;263;1773;59300;Kitsakita  (UR);13;4;7
267327;Vekuho (New);13;263;1773;59400;Vekuho (New);13;4;7
267328;Vekuho (Old);13;263;1773;59500;Vekuho (Old);13;4;7
267329;Asukhuto;13;263;1773;59600;Asukhuto;13;4;7
267330;Khelhoshe Polytechnic Atoizu;13;263;1773;60200;Khelhoshe Polytechnic Atoizu;13;4;7
267331;Yesholutomi;13;263;1773;60300;Yesholutomi;13;4;7
267332;Emlomi;13;263;1773;60400;Emlomi;13;4;7
267333;Litsami;13;263;1773;60500;Litsami;13;4;7
267334;Sukomi;13;263;1773;60600;Sukomi;13;4;7
267335;Khrimtomi;13;263;1774;59700;Khrimtomi;13;4;7
267336;Akuhaito  EAC Hq;13;263;1774;59800;Akuhaito  EAC Hq;13;4;7
267337;Roto (New);13;263;1774;59900;Roto (New);13;4;7
267338;Philimi;13;263;1774;60000;Philimi;13;4;7
267339;Roto (Old);13;263;1774;60100;Roto (Old);13;4;7
267340;Tsaphimi;13;263;1775;60700;Tsaphimi;13;4;8
267341;Kitami;13;263;1775;60800;Kitami;13;4;8
267342;Puneboqa;13;263;1775;60900;Puneboqa;13;4;8
267343;Asukiqa;13;263;1775;61000;Asukiqa;13;4;8
267344;Ghokimi;13;263;1775;61100;Ghokimi;13;4;8
267345;Natsumi;13;263;1775;61200;Natsumi;13;4;8
267346;Pughoboto Hq;13;263;1775;61300;Pughoboto Hq;13;4;8
267347;Mishilimi;13;263;1775;61400;Mishilimi;13;4;8
267348;Lazami;13;263;1775;61500;Lazami;13;4;8
267349;Phuyeqa (UR);13;263;1775;61500;Lazami;13;4;8
267350;Kichilimi;13;263;1776;61600;Kichilimi;13;4;9
267351;Awohumi;13;263;1776;61700;Awohumi;13;4;9
267352;Shesulimi;13;263;1776;61800;Shesulimi;13;4;9
267353;Mukalimi;13;263;1776;61900;Mukalimi;13;4;9
267354;Chishilimi;13;263;1776;62000;Chishilimi;13;4;9
267355;Chisholomi;13;263;1776;62100;Chisholomi;13;4;9
267356;Khughutomi;13;263;1776;62200;Khughutomi;13;4;9
267357;Kilomi;13;263;1776;62300;Kilomi;13;4;9
267358;Ghathashi Hq;13;263;1776;62400;Ghathashi Hq;13;4;9
267359;Iphonumi;13;263;1776;62500;Iphonumi;13;4;9
267360;Hebolimi;13;263;1776;62600;Hebolimi;13;4;9
267361;Tukuliqa;13;263;1776;62700;Tukuliqa;13;4;9
267362;Ighanumi;13;263;1776;62800;Ighanumi;13;4;9
267363;Nunumi;13;263;1777;63300;Nunumi;13;4;10
267364;Shoipu;13;263;1777;63400;Shoipu;13;4;10
267365;Momi;13;263;1777;63500;Momi;13;4;10
267366;Shoixe;13;263;1777;63600;Shoixe;13;4;10
267367;Kiyekhu;13;263;1777;63700;Kiyekhu;13;4;10
267368;Aghuhito S/Comp.;13;263;1777;63800;Aghuhito S/Comp.;13;4;10
267369;Satakha Vill;13;263;1777;63900;Satakha Vill;13;4;10
267370;Hoishe;13;263;1777;64000;Hoishe;13;4;10
267371;Tukunasami;13;263;1777;64100;Tukunasami;13;4;10
267372;Khukiye;13;263;1777;64200;Khukiye;13;4;10
267373;Lukhai;13;263;1777;64300;Lukhai;13;4;10
267374;Zhekiye;13;263;1777;64500;Zhekiye;13;4;10
267375;Ghukhuyi;13;263;1777;64600;Ghukhuyi;13;4;10
267376;Kilo (Old);13;263;1777;64700;Kilo (Old);13;4;10
267377;Xuivi;13;263;1777;64800;Xuivi;13;4;10
267378;Sukhai;13;263;1777;64900;Sukhai;13;4;10
267379;Vishepu;13;263;1777;65000;Vishepu;13;4;10
267380;Kivikhu;13;263;1777;65100;Kivikhu;13;4;10
267381;Xanuboto  S/Comp.;13;263;1777;65200;Xanuboto  S/Comp.;13;4;10
267382;Satakha Hq. (CT);13;263;1777;64400;Satakha Hq;13;4;10
267383;Sena  (Old);13;263;1778;62900;Sena  (Old);13;4;10
267384;Sena  (New);13;263;1778;63000;Sena  (New);13;4;10
267385;Saptiqa;13;263;1778;63100;Saptiqa;13;4;10
267386;Zhevishe;13;263;1778;63100;Saptiqa;13;4;10
267387;Usutomi;13;263;1778;63200;Usutomi;13;4;10
267388;Ikiye;13;263;1779;65300;Ikiye;13;4;11
267389;Itovi;13;263;1779;65400;Itovi;13;4;11
267390;Ghokhuvi;13;263;1779;65500;Ghokhuvi;13;4;11
267391;Satoi Vill;13;263;1779;65600;Satoi Vill;13;4;11
267392;Satoi Hq;13;263;1779;65700;Satoi Hq;13;4;11
267393;Tsuruhu;13;263;1779;65800;Tsuruhu;13;4;11
267394;Kheshito;13;263;1779;65900;Kheshito;13;4;11
267395;Tsutoho;13;263;1779;66000;Tsutoho;13;4;11
267396;Thakiye;13;263;1779;66100;Thakiye;13;4;11
267397;Khuvuxu;13;263;1779;66200;Khuvuxu;13;4;11
267398;Hokiye;13;263;1779;66300;Hokiye;13;4;11
267399;Akahuto;13;264;1780;66400;Akahuto;13;5;1
267400;Aghuatito;13;264;1780;66500;Aghuatito;13;5;1
267401;Amboto (Old);13;264;1780;66600;Amboto (Old);13;5;1
267402;Akuhaiqua;13;264;1780;66700;Akuhaiqua;13;5;1
267403;Amboto (New);13;264;1780;66800;Amboto (New);13;5;1
267404;Khakuthato;13;264;1780;66900;Khakuthato;13;5;1
267405;Shuvukhu (UR);13;264;1780;66900;Khakuthato;13;5;1
267406;Mithehe (Mithelijan);13;264;1780;67000;Mithehe (Mithelijan);13;5;1
267407;Tssori (New);13;264;1780;67100;Tssori (New);13;5;1
267408;Tssori (Old);13;264;1780;67200;Tssori (Old);13;5;1
267409;Azuhoto;13;264;1780;67300;Azuhoto;13;5;1
267410;Sumito;13;264;1780;67400;Sumito;13;5;1
267411;Lichuyan;13;264;1780;67500;Lichuyan;13;5;1
267412;New Wozhu;13;264;1780;67600;New Wozhu;13;5;1
267413;Wozhu (Old);13;264;1780;67700;Wozhu (Old);13;5;1
267414;Changpang Hq;13;264;1780;67800;Changpang Hq;13;5;1
267415;Changpang Vill.;13;264;1780;67900;Changpang Vill.;13;5;1
267416;ONGC Changpang ;13;264;1780;68000;ONGC Changpang ;13;5;1
267417;Longtsiri;13;264;1780;68000;ONGC Changpang ;13;5;1
267418;Lio-Longidang;13;264;1780;68100;Lio-Longidang;13;5;1
267419;Zukeshe;13;264;1781;68200;Zukeshe;13;5;2
267420;Yankhum (UR);13;264;1781;68200;Zukeshe;13;5;2
267421;Akuk Mhayan (UR);13;264;1781;68200;Zukeshe;13;5;2
267422;Chanaka;13;264;1781;68300;Chanaka;13;5;2
267423;Akuk (New);13;264;1781;68400;Akuk (New);13;5;2
267424;Mekokla;13;264;1781;68500;Mekokla;13;5;2
267425;Akuk (Old);13;264;1781;68600;Akuk (Old);13;5;2
267426;Aitepyong Station;13;264;1781;68700;Aitepyong Station;13;5;2
267427;Lakhuti;13;264;1781;68800;Lakhuti;13;5;2
267428;Mekirang;13;264;1782;68900;Mekirang;13;5;3
267429;Yimpang;13;264;1782;69000;Yimpang;13;5;3
267430;Alikhum;13;264;1782;69100;Alikhum;13;5;3
267431;Longayim;13;264;1782;69200;Longayim;13;5;3
267432;Merapani;13;264;1782;69300;Merapani;13;5;3
267433;Liolongchum;13;264;1782;69400;Liolongchum;13;5;3
267434;Bhandari Hq;13;264;1782;69500;Bhandari Hq;13;5;3
267435;Bhandari Vill;13;264;1782;69600;Bhandari Vill;13;5;3
267436;Khumchoyan;13;264;1782;69600;Bhandari Vill;13;5;3
267437;Serika 'A' + 'B';13;264;1782;69700;Serika 'A' + 'B';13;5;3
267438;Yimparasa;13;264;1782;69800;Yimparasa;13;5;3
267439;Pangtong;13;264;1782;69900;Pangtong;13;5;3
267440;Roni (Old);13;264;1782;70000;Roni (Old);13;5;3
267441;Suphayan;13;264;1782;70100;Suphayan;13;5;3
267442;Roni (New);13;264;1782;70200;Roni (New);13;5;3
267443;Yimza;13;264;1782;70300;Yimza;13;5;3
267444;Mongphio;13;264;1782;70400;Mongphio;13;5;3
267445;Lishuyo;13;264;1782;70500;Lishuyo;13;5;3
267446;Yencho;13;264;1782;70500;Lishuyo;13;5;3
267447;Longjung (UR);13;264;1782;70500;Lishuyo;13;5;3
267448;Liowokha (Old);13;264;1782;70600;Liowokha (Old);13;5;3
267449;Liowokha (New);13;264;1782;70700;Liowokha (New);13;5;3
267450;Sungkha;13;264;1782;70800;Sungkha;13;5;3
267451;Hayiyan;13;264;1782;70800;Sungkha;13;5;3
267452;Liphi  ;13;264;1782;70900;Liphi  ;13;5;3
267453;Ruchanyan;13;264;1782;71000;Ruchanyan;13;5;3
267454;Yanmhon (Old);13;264;1782;71100;Yanmhon (Old);13;5;3
267455;Renthanyan (UR);13;264;1782;71100;Yanmhon (Old);13;5;3
267456;Yanmhon (New);13;264;1782;71200;Yanmhon (New);13;5;3
267457;Koro (Old);13;264;1782;71300;Koro (Old);13;5;3
267458;Koro (New) (UR);13;264;1782;71300;Koro (Old);13;5;3
267459;Upper Baghty;13;264;1783;71400;Upper Baghty;13;5;4
267460;Makharong;13;264;1783;71400;Upper Baghty;13;5;4
267461;Baghty Hq;13;264;1783;71500;Baghty Hq;13;5;4
267462;Soku;13;264;1783;71600;Soku;13;5;4
267463;Okotso;13;264;1784;71700;Okotso;13;5;5
267464;Asha;13;264;1784;71700;Okotso;13;5;5
267465;Sungro Station;13;264;1784;71800;Sungro Station;13;5;5
267466;Okotso Yanthanro (UR);13;264;1784;71800;Sungro Station;13;5;5
267467;Pangti;13;264;1784;71900;Pangti;13;5;5
267468;Aree (New);13;264;1784;72000;Aree (New);13;5;5
267469;Mhayan (UR);13;264;1784;72000;Aree (New);13;5;5
267470;Aree (Old);13;264;1784;72100;Aree (Old);13;5;5
267471;Sunglup;13;264;1785;72200;Sunglup;13;5;6
267472;Yonchicho;13;264;1785;72300;Yonchicho;13;5;6
267473;Doyang Hydro Right Bank (North wing);13;264;1785;72400;Doyang Hydro Right Bank (North wing);13;5;6
267474;Sanis Vill;13;264;1785;72500;Sanis Vill;13;5;6
267475;Menshangpen;13;264;1785;72600;Menshangpen;13;5;6
267476;Sanis Hq;13;264;1785;72700;Sanis Hq;13;5;6
267477;Tsopo;13;264;1785;72800;Tsopo;13;5;6
267478;Chudi;13;264;1785;72900;Chudi;13;5;6
267479;Sheru-Echuk;13;264;1786;72900;Chudi;13;5;7
267480;Longtsung;13;264;1786;73000;Longtsung;13;5;7
267481;Morakjo;13;264;1786;73100;Morakjo;13;5;7
267482;Lotsu Vill.;13;264;1786;73200;Lotsu Vill.;13;5;7
267483;Lotsu Hq;13;264;1786;73300;Lotsu Hq;13;5;7
267484;Pyangsa;13;264;1786;73400;Pyangsa;13;5;7
267485;Moilan;13;264;1786;73500;Moilan;13;5;7
267486;Pyotchu;13;264;1786;73600;Pyotchu;13;5;7
267487;Liphayan;13;264;1787;73700;Liphayan;13;5;8
267488;Tchuchanphen;13;264;1787;73800;Tchuchanphen;13;5;8
267489;S.Wochan;13;264;1787;73900;S.Wochan;13;5;8
267490;Yanlum;13;264;1787;74000;Yanlum;13;5;8
267491;Soshan;13;264;1787;74100;Soshan;13;5;8
267492;Wochan;13;264;1787;74200;Wochan;13;5;8
267493;Chandalashung (New);13;264;1787;74300;Chandalashung (New);13;5;8
267494;Lishayan;13;264;1787;74400;Lishayan;13;5;8
267495;Chandalashung 'B';13;264;1787;74500;Chandalashung 'B';13;5;8
267496;Chandalashung (Old);13;264;1787;74600;Chandalashung (Old);13;5;8
267497;Woroku;13;264;1787;74700;Woroku;13;5;8
267498;Ronsuyan;13;264;1787;74700;Woroku;13;5;8
267499;Yampha;13;264;1787;74800;Yampha;13;5;8
267500;Ralan (Old);13;264;1787;74900;Ralan (Old);13;5;8
267501;Likayan (UR);13;264;1787;75000;Likayan (UR);13;5;8
267502;Ralan Hq;13;264;1787;75100;Ralan Hq;13;5;8
267503;Ralan (New);13;264;1787;75200;Ralan (New);13;5;8
267504;Phiro;13;264;1788;75300;Phiro;13;5;9
267505;Totsu;13;264;1788;75400;Totsu;13;5;9
267506;Shaki;13;264;1788;75500;Shaki;13;5;9
267507;Sankiton;13;264;1788;75600;Sankiton;13;5;9
267508;Hanku;13;264;1788;75700;Hanku;13;5;9
267509;N.Longchum;13;264;1788;75800;N.Longchum;13;5;9
267510;Yankeli;13;264;1788;75900;Yankeli;13;5;9
267511;Meriyan;13;264;1788;76000;Meriyan;13;5;9
267512;Wozhuro Hq;13;264;1788;76100;Wozhuro Hq;13;5;9
267513;L. Yanthung (UR);13;264;1788;76200;L. Yanthung (UR);13;5;9
267514;Doyang Hydro left Bank (South wing);13;264;1789;76600;Doyang Hydro left Bank (South wing);13;5;10
267515;Vankhosung;13;264;1789;77100;Vankhosung;13;5;10
267516;Wokha Vill.;13;264;1789;77200;Wokha Vill.;13;5;10
267517;New Wokha;13;264;1789;77200;Wokha Vill.;13;5;10
267518;Elumyo;13;264;1789;77300;Elumyo;13;5;10
267519;Humtso;13;264;1789;77400;Humtso;13;5;10
267520;Tsungza;13;264;1789;77500;Tsungza;13;5;10
267521;Pongitong;13;264;1789;77600;Pongitong;13;5;10
267522;Ekok-Ju (UR);13;264;1789;77600;Pongitong;13;5;10
267523;Longsa;13;264;1789;77700;Longsa;13;5;10
267524;Niroyo;13;264;1789;77800;Niroyo;13;5;10
267525;Nyiro Comp.;13;264;1789;77900;Nyiro Comp.;13;5;10
267526;Yanthamo;13;264;1789;78000;Yanthamo;13;5;10
267527;Yimkha;13;264;1789;78100;Yimkha;13;5;10
267528;Longla;13;264;1789;78200;Longla;13;5;10
267529;Longsachung;13;264;1789;78300;Longsachung;13;5;10
267530;Satsuphen (UR);13;264;1789;78300;Longsachung;13;5;10
267531;Tsungtsutong (UR);13;264;1789;78400;Tsungtsutong (UR);13;5;10
267532;Okhyeyan;13;264;1789;78500;Okhyeyan;13;5;10
267533;N.Longidang;13;264;1789;78600;N.Longidang;13;5;10
267534;Ruzumphen (UR);13;264;1789;78600;N.Longidang;13;5;10
267535;Doyang Hydro left Bank (South Wing);13;264;1790;76300;Doyang South Wing;13;5;10
267536;Changsu (Old);13;264;1790;76400;Changsu (Old);13;5;10
267537;Changsu (New);13;264;1790;76500;Changsu (New);13;5;10
267538;Ekhyoyan (UR);13;264;1790;76500;Changsu (New);13;5;10
267539;Thillong (UR);13;264;1790;76500;Changsu (New);13;5;10
267540;Riphyim (New);13;264;1790;76700;Riphyim (New);13;5;10
267541;Riphyim (Old);13;264;1790;76800;Riphyim (Old);13;5;10
267542;Englan Comp;13;264;1790;76900;Englan Comp;13;5;10
267543;Englan Hq;13;264;1790;76900;Englan Comp;13;5;10
267544;Yikhum;13;264;1790;77000;Yikhum;13;5;10
267545;Nungying;13;264;1791;78700;Nungying;13;5;11
267546;Koio;13;264;1791;78800;Koio;13;5;11
267547;Seluku;13;264;1791;78900;Seluku;13;5;11
267548;Chukitong;13;264;1791;79000;Chukitong;13;5;11
267549;Thenyayan (UR);13;264;1791;79000;Chukitong;13;5;11
267550;Tsungiki;13;264;1791;79100;Tsungiki;13;5;11
267551;Mungya;13;264;1791;79200;Mungya;13;5;11
267552;Akito;13;265;1792;81800;Akito;13;6;1
267553;Hejeto;13;265;1792;82100;Hejeto;13;6;1
267554;Henito;13;265;1792;82700;Henito;13;6;1
267555;Hovukhu;13;265;1792;82800;Hovukhu;13;6;1
267556;Khaghaboto;13;265;1792;82900;Khaghaboto;13;6;1
267557;Hevishe;13;265;1792;83100;Hevishe;13;6;1
267558;Yehokhu;13;265;1792;83300;Yehokhu;13;6;1
267559;Vishiyi;13;265;1792;83400;Vishiyi;13;6;1
267560;Shitoi;13;265;1792;83600;Shitoi;13;6;1
267561;Phuhoto;13;265;1792;83800;Phuhoto;13;6;1
267562;Zuheshe;13;265;1792;83900;Zuheshe;13;6;1
267563;Hezulho;13;265;1792;84000;Hezulho;13;6;1
267564;Ghotovi;13;265;1792;84100;Ghotovi;13;6;1
267565;Viyito;13;265;1792;84200;Viyito;13;6;1
267566;Sahoi;13;265;1792;84300;Sahoi;13;6;1
267567;Sunito;13;265;1792;84400;Sunito;13;6;1
267568;Kiyelho;13;265;1792;84600;Kiyelho;13;6;1
267569;Xukiye;13;265;1792;84700;Xukiye;13;6;1
267570;Hovishe;13;265;1792;84800;Hovishe;13;6;1
267571;Ghonivi;13;265;1792;84900;Ghonivi;13;6;1
267572;Lukuto;13;265;1792;85000;Lukuto;13;6;1
267573;Pishikhu;13;265;1792;85100;Pishikhu;13;6;1
267574;Zukihe;13;265;1792;85200;Zukihe;13;6;1
267575;Itovi;13;265;1792;85400;Itovi;13;6;1
267576;Kiyezhu 'A';13;265;1792;85500;Kiyezhu 'A';13;6;1
267577;Kiyezhu 'B';13;265;1792;85600;Kiyezhu 'B';13;6;1
267578;Heviqhe;13;265;1792;85700;Heviqhe;13;6;1
267579;Hakhezhe;13;265;1792;85800;Hakhezhe;13;6;1
267580;Yeveto;13;265;1792;85900;Yeveto;13;6;1
267581;Hetoi;13;265;1792;86000;Hetoi;13;6;1
267582;Niuland;13;265;1792;86100;Niuland;13;6;1
267583;Kuhoxu;13;265;1792;86200;Kuhoxu;13;6;1
267584;Khutovi;13;265;1793;79300;Khutovi;13;6;1
267585;Izhevi;13;265;1793;79400;Izhevi;13;6;1
267586;Zutoi;13;265;1793;79500;Zutoi;13;6;1
267587;R.Hovishe;13;265;1793;79600;R.Hovishe;13;6;1
267588;Tohokhu;13;265;1793;79700;Tohokhu;13;6;1
267589;Xukhuvi;13;265;1793;79800;Xukhuvi;13;6;1
267590;Luhevi;13;265;1793;79900;Luhevi;13;6;1
267591;P.Vihoto;13;265;1793;80000;P.Vihoto;13;6;1
267592;Vikheto;13;265;1793;80100;Vikheto;13;6;1
267593;Nikihe;13;265;1793;80200;Nikihe;13;6;1
267594;Jekishe;13;265;1793;80300;Jekishe;13;6;1
267595;Tokishe;13;265;1793;80400;Tokishe;13;6;1
267596;Nguvihe;13;265;1793;80500;Nguvihe;13;6;1
267597;Yetoho;13;265;1793;80600;Yetoho;13;6;1
267598;L.Vihoto;13;265;1793;80700;L.Vihoto;13;6;1
267599;Shiwoto;13;265;1793;80800;Shiwoto;13;6;1
267600;Luhezhe;13;265;1793;80900;Luhezhe;13;6;1
267601;Zhexuche;13;265;1793;81000;Zhexuche;13;6;1
267602;Shokhevi;13;265;1793;81100;Shokhevi;13;6;1
267603;Qhuhoi;13;265;1793;81200;Qhuhoi;13;6;1
267604;Tohoi;13;265;1793;81300;Tohoi;13;6;1
267605;Mughavi;13;265;1793;81400;Mughavi;13;6;1
267606;Hukhai;13;265;1793;81500;Hukhai;13;6;1
267607;Nizheto (UR);13;265;1793;81600;Nizheto (UR);13;6;1
267608;Aghunaqa;13;265;1793;81700;Aghunaqa;13;6;1
267609;Kikheye;13;265;1793;81900;Kikheye;13;6;1
267610;Hozheto;13;265;1793;82000;Hozheto;13;6;1
267611;Husto;13;265;1793;82200;Husto;13;6;1
267612;Pihekhu;13;265;1793;82300;Pihekhu;13;6;1
267613;Aoyimchen;13;265;1793;82400;Aoyimchen;13;6;1
267614;Ahoto;13;265;1793;82500;Ahoto;13;6;1
267615;Nikikhe;13;265;1793;82600;Nikikhe;13;6;1
267616;Khehuto;13;265;1793;83000;Khehuto;13;6;1
267617;Ngamjalan;13;265;1793;83200;Ngamjalan;13;6;1
267618;Homeland;13;265;1793;83500;Homeland;13;6;1
267619;Zaka Station;13;265;1793;83700;Zaka Station;13;6;1
267620;Hevuxu;13;265;1793;84500;Hevuxu;13;6;1
267621;Ghosito;13;265;1793;85300;Ghosito;13;6;1
267622;Nitozu;13;265;1793;86300;Nitozu;13;6;1
267623;Tokugha;13;265;1794;86400;Tokugha;13;6;2
267624;Vikuho;13;265;1794;86500;Vikuho;13;6;2
267625;Luzheto;13;265;1794;86600;Luzheto;13;6;2
267626;Hukato;13;265;1794;86700;Hukato;13;6;2
267627;Nizhevi;13;265;1794;86800;Nizhevi;13;6;2
267628;Zuvukhu;13;265;1794;86900;Zuvukhu;13;6;2
267629;Pukhato;13;265;1794;87000;Pukhato;13;6;2
267630;S.Hotovi;13;265;1794;87100;S.Hotovi;13;6;2
267631;Ahozhe;13;265;1794;87200;Ahozhe;13;6;2
267632;Lotovi;13;265;1794;87300;Lotovi;13;6;2
267633;Kughato (UR);13;265;1794;87300;Lotovi;13;6;2
267634;Kuhuboto;13;265;1794;87400;Kuhuboto;13;6;2
267635;Ghokito;13;265;1794;87500;Ghokito;13;6;2
267636;Suhoi;13;265;1794;87600;Suhoi;13;6;2
267637;Henivi;13;265;1794;87700;Henivi;13;6;2
267638;Khughovi;13;265;1794;87800;Khughovi;13;6;2
267639;Hoito;13;265;1794;87900;Hoito;13;6;2
267640;Xekiye;13;265;1794;88000;Xekiye;13;6;2
267641;Khehokhu;13;265;1794;88100;Khehokhu;13;6;2
267642;Nihoto;13;265;1794;88200;Nihoto;13;6;2
267643;Showuba (Old);13;265;1794;88300;Showuba (Old);13;6;2
267644;Xelhoshe;13;265;1794;88500;Xelhoshe;13;6;2
267645;Vihokhu;13;265;1794;88600;Vihokhu;13;6;2
267646;Hozhukhe;13;265;1795;88700;Hozhukhe;13;6;3
267647;Sukhato;13;265;1795;88800;Sukhato;13;6;3
267648;Nikhekhu;13;265;1795;88900;Nikhekhu;13;6;3
267649;Nihokhu;13;265;1795;89000;Nihokhu;13;6;3
267650;Toshiho;13;265;1795;89100;Toshiho;13;6;3
267651;Hokhezhe;13;265;1795;89100;Toshiho;13;6;3
267652;Khehoyi;13;265;1795;89200;Khehoyi;13;6;3
267653;Ghokuto;13;265;1795;89300;Ghokuto;13;6;3
267654;New Showuba;13;265;1795;89400;New Showuba;13;6;3
267655;S.Hetoi;13;265;1795;89500;S.Hetoi;13;6;3
267656;Kacharigaon (Phevima);13;265;1796;89600;Kacharigaon (Phevima);13;6;4
267657;Kashiram;13;265;1796;89700;Kashiram;13;6;4
267658;Kashiram Ao;13;265;1796;89800;Kashiram Ao;13;6;4
267659;Industrial Vill. (Razhuphe);13;265;1796;89900;Industrial Vill. (Razhuphe);13;6;4
267660;Phaipijang;13;265;1796;90100;Phaipijang;13;6;4
267661;Signal Angami;13;265;1796;90200;Signal Angami;13;6;4
267662;Thahekhu;13;265;1796;90300;Thahekhu;13;6;4
267663;Senjum;13;265;1796;90400;Senjum;13;6;4
267664;Aoyimkum;13;265;1796;90500;Aoyimkum;13;6;4
267665;Dikoi;13;265;1796;90600;Dikoi;13;6;4
267666;Sangtamtilla;13;265;1796;90800;Sangtamtilla;13;6;4
267667;Kuda  (CT);13;265;1796;90000;Nagarjan;13;6;4
267668;Rangapahar (CT);13;265;1796;90700;Rangapahar;13;6;4
267669;Aoyim;13;265;1797;88400;Aoyim;13;6;2
267670;Shozukhu;13;265;1797;90900;Shozukhu;13;6;5
267671;L. Hotovi;13;265;1797;90900;Shozukhu;13;6;5
267672;Domukhia;13;265;1797;91000;Domukhia;13;6;5
267673;Khushiabill;13;265;1797;91100;Khushiabill;13;6;5
267674;Bamunpukhuri 'B';13;265;1797;91200;Bamunpukhuri 'B';13;6;5
267675;Bamunpukhuri 'A';13;265;1797;91300;Bamunpukhuri 'A';13;6;5
267676;Vipon;13;265;1797;91400;Vipon;13;6;5
267677;Darogajan;13;265;1797;91500;Darogajan;13;6;5
267678;Doshehe;13;265;1797;91500;Darogajan;13;6;5
267679;Zani;13;265;1797;91600;Zani;13;6;5
267680;Samaguri;13;265;1797;91700;Samaguri;13;6;5
267681;Puranabazar 'B';13;265;1797;91800;Puranabazar 'B';13;6;5
267682;Toluvi 'B';13;265;1797;91900;Toluvi 'B';13;6;5
267683;Naharbari;13;265;1797;92100;Naharbari;13;6;5
267684;Padampukhuri;13;265;1797;92200;Padampukhuri;13;6;5
267685;Dubagaon;13;265;1797;92300;Dubagaon;13;6;5
267686;Eralibill;13;265;1797;92400;Eralibill;13;6;5
267687;Ekrani Pathar;13;265;1797;92500;Ekrani Pathar;13;6;5
267688;Aoyimti;13;265;1797;92600;Aoyimti;13;6;5
267689;Darogapathar;13;265;1797;92700;Darogapathar;13;6;5
267690;Thilixu;13;265;1797;92800;Thilixu;13;6;5
267691;J.V.Perhereilie;13;265;1797;92900;J.V.Perhereilie;13;6;5
267692;Kirha (UR);13;265;1797;92900;J.V.Perhereilie;13;6;5
267693;Chekiye;13;265;1797;93000;Chekiye;13;6;5
267694;Diphupar 'B';13;265;1797;93100;Diphupar 'B';13;6;5
267695;5Th Mile Model;13;265;1797;93300;5Th Mile Model;13;6;5
267696;Tseithrongse;13;265;1797;93400;Tseithrongse;13;6;5
267697;Bade;13;265;1797;93500;Bade;13;6;5
267698;Urra;13;265;1797;93600;Urra;13;6;5
267699;Diezephe;13;265;1797;93700;Diezephe;13;6;5
267700;Khuovaru;13;265;1797;93800;Khuovaru;13;6;5
267701;Singrijan;13;265;1797;93900;Singrijan;13;6;5
267702;Murise;13;265;1797;94000;Murise;13;6;5
267703;Sugarmill Area;13;265;1797;94100;Sugarmill Area;13;6;5
267704;Sovima;13;265;1797;94200;Sovima;13;6;5
267705;Naga United Vill.;13;265;1797;94300;Naga United Vill.;13;6;5
267706;Vidima;13;265;1797;94400;Vidima;13;6;5
267707;Khriezephe;13;265;1797;94500;Khriezephe;13;6;5
267708;Sodzulhou;13;265;1797;94600;Sodzulhou;13;6;5
267709;7th Mile Vill.;13;265;1797;94700;7th Mile Vill.;13;6;5
267710;Seithekema (New);13;265;1797;94800;Seithekema (New);13;6;5
267711;7th Mile Model;13;265;1797;94900;7th Mile Model;13;6;5
267712;Tenyiphe I;13;265;1797;95000;Tenyiphe I;13;6;5
267713;Tenyiphe II;13;265;1797;95100;Tenyiphe II;13;6;5
267714;Tenyiphe III (Virazouma);13;265;1797;95100;Tenyiphe II;13;6;5
267715;Seithekema 'A';13;265;1797;95200;Seithekema 'A';13;6;5
267716;Seithekema (Old);13;265;1797;95300;Seithekema (Old);13;6;5
267717;Seithekema 'C';13;265;1797;95400;Seithekema 'C';13;6;5
267718;Chumoukedima Vill.;13;265;1797;95500;Chumoukedima Vill.;13;6;5
267719;L. Hetoi;13;265;1797;95600;L. Hetoi;13;6;5
267720;Shokhuvi;13;265;1797;95700;Shokhuvi;13;6;5
267721;K. Hetoi;13;265;1797;95800;K. Hetoi;13;6;5
267722;Puranabazar 'A' (CT);13;265;1797;92000;Puranabazar'A';13;6;5
267723;Diphupar 'A' (CT);13;265;1797;93200;Diphupar 'A';13;6;5
267724;Dhansiripar Vill.;13;265;1798;95900;Dhansiripar Vill.;13;6;6
267725;Dhansiripar Hq;13;265;1798;96000;Dhansiripar Hq;13;6;6
267726;Razhaphe;13;265;1798;96100;Razhaphe;13;6;6
267727;Kiyeto;13;265;1798;96200;Kiyeto;13;6;6
267728;Shitovi;13;265;1798;96300;Shitovi;13;6;6
267729;Disagaphu;13;265;1798;96400;Disagaphu;13;6;6
267730;Razhaphe Basa;13;265;1798;96400;Disagaphu;13;6;6
267731;Ganesnagar;13;265;1798;96500;Ganesnagar;13;6;6
267732;Doyapur Vill.;13;265;1798;96700;Doyapur Vill.;13;6;6
267733;Amaluma;13;265;1798;96800;Amaluma;13;6;6
267734;Khekiho;13;265;1798;97000;Khekiho;13;6;6
267735;Hazadisa;13;265;1798;97100;Hazadisa;13;6;6
267736;Lothavi;13;265;1798;97200;Lothavi;13;6;6
267737;K.Hetoi (UR);13;265;1798;;;13;6;6
267738;Pimla;13;265;1798;97300;Pimla;13;6;6
267739;Kiyevi 'B' (Khehoi) (UR);13;265;1798;97400;Kiyevi 'B' (Khehoi) (UR);13;6;6
267740;Nihoi (UR);13;265;1798;97400;Kiyevi 'B' (Khehoi) (UR);13;6;6
267741;Vihoto (UR);13;265;1798;97500;Vihoto (UR);13;6;6
267742;Phushito (UR);13;265;1798;97500;Vihoto (UR);13;6;6
267743;Zutovi;13;265;1798;97600;Zutovi;13;6;6
267744;Manglamukh;13;265;1798;97700;Manglamukh;13;6;6
267745;Daniel;13;265;1798;97800;Daniel;13;6;6
267746;Toshizu;13;265;1798;97900;Toshizu;13;6;6
267747;Kakiho (UR);13;265;1798;97900;Toshizu;13;6;6
267748;Ghowoto;13;265;1798;98000;Ghowoto;13;6;6
267749;Shikuto (UR);13;265;1798;98100;Shikuto (UR);13;6;6
267750;A.K. Industrial (UR);13;265;1798;98100;Shikuto (UR);13;6;6
267751;Shikavi;13;265;1798;98300;Shikavi;13;6;6
267752;Ahoi (UR);13;265;1798;98300;Shikavi;13;6;6
267753;K. Xekiye;13;265;1798;98400;K. Xekiye;13;6;6
267754;Pukhaho (UR);13;265;1798;98500;Pukhaho (UR);13;6;6
267755;Shikato (UR);13;265;1798;98500;Pukhaho (UR);13;6;6
267756;Kiyevi ;13;265;1798;98700;Kiyevi ;13;6;6
267757;Tsiepama;13;265;1799;98900;Tsiepama;13;6;7
267758;Pherima Vill.;13;265;1799;99000;Pherima Vill.;13;6;7
267759;New Chumukedima;13;265;1799;99100;New Chumukedima;13;6;7
267760;Khuokhidolong;13;265;1799;99200;Khuokhidolong;13;6;7
267761;Medziphema;13;265;1799;99300;Medziphema;13;6;7
267762;Pherima;13;265;1799;99400;Pherima;13;6;7
267763;Khamkaria;13;265;1799;99500;Khamkaria;13;6;7
267764;Khanakhuru;13;265;1799;99600;Khanakhuru;13;6;7
267765;Piphema 'A';13;265;1799;99800;Piphema 'A';13;6;7
267766;Piphema (Old);13;265;1799;99900;Piphema (Old);13;6;7
267767;Piphema (New);13;265;1799;100000;Piphema (New);13;6;7
267768;Seirhima;13;265;1799;100100;Seirhima;13;6;7
267769;Molvom;13;265;1799;100200;Molvom;13;6;7
267770;Bungsang;13;265;1799;100300;Bungsang;13;6;7
267771;Ruzaphema;13;265;1799;100400;Ruzaphema;13;6;7
267772;Socunoma;13;265;1799;100600;Socunoma;13;6;7
267773;Khaibung;13;265;1799;100700;Khaibung;13;6;7
267774;Moava;13;265;1799;100800;Moava;13;6;7
267775;Zhuikhu 'A';13;265;1799;100900;Zhuikhu 'A';13;6;7
267776;Hekheshe;13;265;1799;101000;Hekheshe;13;6;7
267777;Tsuuma;13;265;1799;101100;Tsuuma;13;6;7
267778;Dzulhami;13;266;1800;121400;Dzulhami;13;8;1
267779;Therhutsesemi;13;266;1800;121500;Therhutsesemi;13;8;1
267780;Khutsami;13;266;1800;121600;Khutsami;13;8;1
267781;Phugwi;13;266;1800;121700;Phugwi;13;8;1
267782;Sekrezu;13;266;1800;121800;Sekrezu;13;8;1
267783;New Ruzazho;13;266;1800;121800;Sekrezu;13;8;1
267784;Suthazu Nasa;13;266;1800;121900;Suthazu Nasa;13;8;1
267785;Suthazu Nawe;13;266;1800;122000;Suthazu Nawe;13;8;1
267786;Ruzazho;13;266;1800;122100;Ruzazho;13;8;1
267787;Ketsapo;13;266;1801;122800;Ketsapo;13;8;2
267788;Satheri;13;266;1801;122900;Satheri;13;8;2
267789;Sohomi;13;266;1801;123000;Sohomi;13;8;2
267790;Kotisu;13;266;1801;123100;Kotisu;13;8;2
267791;Kizari;13;266;1801;123200;Kizari;13;8;2
267792;Tezatse;13;266;1801;123300;Tezatse;13;8;2
267793;Phek Basa;13;266;1801;123400;Phek Basa;13;8;2
267794;Chosaba;13;266;1801;123500;Chosaba;13;8;2
267795;Surhoba;13;266;1801;123600;Surhoba;13;8;2
267796;Phek Old Town;13;266;1801;123700;Phek Old Town;13;8;2
267797;Phek Village;13;266;1801;123800;Phek Village;13;8;2
267798;Losami;13;266;1801;123900;Losami;13;8;2
267799;Losami Junction (UR);13;266;1801;123900;Losami;13;8;2
267800;Lozaphuhu;13;266;1801;124000;Lozaphuhu;13;8;2
267801;Lanyezho (Lanye) (UR);13;266;1801;124000;Lozaphuhu;13;8;2
267802;Suthotsu;13;266;1802;122200;Suthotsu;13;8;2
267803;Chiepoketa;13;266;1802;122300;Chiepoketa;13;8;2
267804;Metsale;13;266;1802;122400;Metsale;13;8;2
267805;Khuza Village;13;266;1802;122500;Khuza Village;13;8;2
267806;Khuza Hq;13;266;1802;122500;Khuza Village;13;8;2
267807;Tehephu;13;266;1802;122600;Tehephu;13;8;2
267808;Khutsokhuno;13;266;1802;122700;Khutsokhuno;13;8;2
267809;New Akhegwo;13;266;1803;124100;New Akhegwo;13;8;3
267810;Akhegwo;13;266;1803;124200;Akhegwo;13;8;3
267811;Akhegwo Junction (UR);13;266;1803;124200;Akhegwo;13;8;3
267812;Kukhegwo;13;266;1803;124900;Kukhegwo;13;8;3
267813;Meluri Hq;13;266;1803;125000;Meluri Hq;13;8;3
267814;Meluri Village;13;266;1803;125100;Meluri Village;13;8;3
267815;Khumiasu;13;266;1803;125500;Khumisu;13;8;3
267816;Lephori;13;266;1803;125600;Lephori;13;8;3
267817;Matikhru;13;266;1803;125700;Matikhru;13;8;3
267818;Mollen;13;266;1803;125800;Mollen;13;8;3
267819;Kanjang;13;266;1803;125900;Kanjang;13;8;3
267820;Reguri;13;266;1803;126000;Reguri;13;8;3
267821;Akhen;13;266;1803;126100;Akhen;13;8;3
267822;New Phor;13;266;1804;124300;New Phor;13;8;3
267823;Phor;13;266;1804;124400;Phor;13;8;3
267824;Wuzu;13;266;1804;124500;Wuzu;13;8;3
267825;Yesi;13;266;1804;124600;Yesi;13;8;3
267826;Hutsu;13;266;1804;124700;Hutsu;13;8;3
267827;Kuzatu;13;266;1804;124800;Kuzatu;13;8;3
267828;Satuza;13;266;1804;125200;Satuza;13;8;3
267829;Yesisotha Centre (UR);13;266;1804;125200;Satuza;13;8;3
267830;Weziho;13;266;1804;125300;Weziho;13;8;3
267831;Weziho Town;13;266;1804;125400;Weziho Town;13;8;3
267832;Sutsu;13;266;1805;126200;Sutsu;13;8;4
267833;Laruri;13;266;1805;126300;Laruri;13;8;4
267834;Mokie;13;266;1805;126400;Mokie;13;8;4
267835;Phokhungri Vill.;13;266;1805;126500;Phokhungri Vill.;13;8;4
267836;Phokhungri Hq;13;266;1805;126600;Phokhungri Hq;13;8;4
267837;Zipu;13;266;1805;126700;Zipu;13;8;4
267838;Letsam;13;266;1805;126800;Letsam;13;8;4
267839;Avankhu;13;266;1805;126900;Avankhu;13;8;4
267840;Old Thewati;13;266;1805;127000;Old Thewati;13;8;4
267841;Washelo;13;266;1805;127100;Washelo;13;8;4
267842;New Thewati;13;266;1805;127200;New Thewati;13;8;4
267843;Yoruba;13;266;1806;127300;Yoruba;13;8;5
267844;Chozuba Hq;13;266;1806;127400;Chozuba Hq;13;8;5
267845;Chozubasa (UR);13;266;1806;127400;Chozuba Hq;13;8;5
267846;Khesomi;13;266;1806;127500;Khesomi;13;8;5
267847;Chozuba Vill.;13;266;1806;127600;Chozuba Vill.;13;8;5
267848;Thevopisu;13;266;1806;127700;Thevopisu;13;8;5
267849;Runguzumi Nawe;13;266;1806;127800;Runguzumi Nawe;13;8;5
267850;Runguzumi Nasa;13;266;1806;127900;Runguzumi Nasa;13;8;5
267851;Chesezu Nasa;13;266;1807;128000;Chesezu Nasa;13;8;6
267852;Chesezumi;13;266;1807;128100;Chesezumi;13;8;6
267853;Chetheba Hq;13;266;1807;128200;Chetheba Hq;13;8;6
267854;Khulazu Basa;13;266;1807;128300;Khulazu Basa;13;8;6
267855;Phuyoba;13;266;1807;128300;Khulazu Basa;13;8;6
267856;Thenyizumi;13;266;1807;128400;Thenyizumi;13;8;6
267857;Khulazu Bawe;13;266;1807;128500;Khulazu Bawe;13;8;6
267858;Rihuba;13;266;1807;128500;Khulazu Bawe;13;8;6
267859;Thipuzu;13;266;1807;128600;Thipuzu;13;8;6
267860;Upper Khomi;13;266;1808;128700;Upper Khomi;13;8;7
267861;Middle Khomi;13;266;1808;128800;Middle Khomi;13;8;7
267862;Lower Khomi;13;266;1808;128900;Lower Khomi;13;8;7
267863;Pholami (New);13;266;1808;129000;Pholami (New);13;8;7
267864;Pholami (Old);13;266;1808;129100;Pholami (Old);13;8;7
267865;Sakraba Hq;13;266;1808;129200;Sakraba Hq;13;8;7
267866;Gidemi (Gozuto);13;266;1808;129300;Gidemi (Gozuto);13;8;7
267867;Wibo (Mithun Research Centre) (UR);13;266;1808;129300;Gidemi (Gozuto);13;8;7
267868;Porba;13;266;1808;129400;Porba;13;8;7
267869;Sakraba   ;13;266;1808;129500;Sakraba   ;13;8;7
267870;Phusachodu;13;266;1809;129600;Phusachodu;13;8;8
267871;R.D Block Kikruma (UR);13;266;1809;129600;Phusachodu;13;8;8
267872;Kikruma;13;266;1809;129700;Kikruma;13;8;8
267873;Pfutseromi;13;266;1809;129900;Pfutseromi;13;8;8
267874;Lekromi;13;266;1809;130000;Lekromi;13;8;8
267875;Kade (UR);13;266;1809;130000;Lekromi;13;8;8
267876;Kami;13;266;1809;130100;Kami;13;8;8
267877;Lowuza (UR);13;266;1810;130100;Kami;13;8;8
267878;Leshemi;13;266;1810;130200;Leshemi;13;8;8
267879;Zapami;13;266;1810;130300;Zapami;13;8;8
267880;Zuketsa;13;266;1810;130400;Zuketsa;13;8;8
267881;Lasumi;13;266;1810;130500;Lasumi;13;8;8
267882;Khezakeno Hq;13;266;1811;130600;Khezakeno Hq;13;8;9
267883;Khezakeno Village;13;266;1811;130700;Khezakeno Village;13;8;9
267884;Sumi (Swemi);13;266;1812;130800;Sumi (Swemi);13;8;10
267885;Chizami Hq;13;266;1812;130900;Chizami Hq;13;8;10
267886;Chizami Vill.;13;266;1812;131000;Chizami Vill.;13;8;10
267887;Enhulumi;13;266;1812;131100;Enhulumi;13;8;10
267888;Mesulumi;13;266;1812;131200;Mesulumi;13;8;10
267889;Thetsumi;13;266;1812;131300;Thetsumi;13;8;10
267890;Tsupfume;13;266;1813;131400;Tsupfume;13;8;10
267891;Zelume;13;266;1813;131500;Zelume;13;8;10
267892;Razieba Hq;13;266;1813;131600;Razieba Hq;13;8;10
267893;Zavachu ;13;266;1813;131600;Razieba Hq;13;8;10
267894;Zhavame;13;266;1813;131700;Zhavame;13;8;10
267895;Longra ;13;267;1814;14700;Longra ;13;2;4
267896;Yangpi (Kongsang);13;267;1814;14800;Yangpi (Kongsang);13;2;4
267897;Noksen Hq;13;267;1814;14900;Noksen Hq;13;2;4
267898;Litem;13;267;1814;15000;Litem;13;2;4
267899;Noksen  Village;13;267;1814;15100;Noksen  Village;13;2;4
267900;Kumpong;13;267;1814;15400;Kumpong;13;2;4
267901;Yokumsang S/Comp (UR);13;267;1814;15500;Yokumsang S/Comp (UR);13;2;4
267902;Younyu;13;267;1814;15600;Younyu;13;2;4
267903;Yimrup;13;267;1814;15700;Yimrup;13;2;4
267904;Sangtak;13;267;1814;15800;Sangtak;13;2;4
267905;Alisopur;13;267;1815;15900;Alisopur;13;2;5
267906;JNV School Compound;13;267;1815;15900;Alisopur;13;2;5
267907;Chare Hq;13;267;1815;16000;Chare Hq;13;2;5
267908;Dikhu Village  ;13;267;1815;16100;Dikhu Village  ;13;2;5
267909;Chare Old Town;13;267;1815;16200;Chare Old Town;13;2;5
267910;Tonglongsor;13;267;1815;16300;Tonglongsor;13;2;5
267911;Longkhitpeh;13;267;1815;16400;Longkhitpeh;13;2;5
267912;Chare Village;13;267;1815;16500;Chare Village;13;2;5
267913;Tronger;13;267;1815;16600;Tronger;13;2;5
267914;Chungliyimti New;13;267;1815;16600;Tronger;13;2;5
267915;Chungliyimti;13;267;1815;16700;Chungliyimti;13;2;5
267916;Longthrox S/Comp.;13;267;1815;16800;Longthrox S/Comp.;13;2;5
267917;Old Tsadanger;13;267;1815;16900;Old Tsadanger;13;2;5
267918;New Tsadanger;13;267;1815;17000;New Tsadanger;13;2;5
267919;Kiding;13;267;1815;17100;Kiding;13;2;5
267920;Chimonger;13;267;1816;17200;Chimonger;13;2;6
267921;Phirahir;13;267;1816;17300;Phirahir;13;2;6
267922;Chungtore;13;267;1816;17400;Chungtore;13;2;6
267923;Holongba;13;267;1816;17500;Holongba;13;2;6
267924;Old Mangakhi;13;267;1816;17600;Old Mangakhi;13;2;6
267925;New Mangakhi;13;267;1816;17700;New Mangakhi;13;2;6
267926;New Sangsomong;13;267;1816;17700;New Mangakhi;13;2;6
267927;Sangsomong;13;267;1816;17800;Sangsomong;13;2;6
267928;Lirise;13;267;1816;17900;Lirise;13;2;6
267929;Angangba;13;267;1816;18000;Angangba;13;2;6
267930;Longkhim Hq;13;267;1816;18100;Longkhim Hq;13;2;6
267931;Yangli Mission Centre;13;267;1816;18200;Yangli Mission Centre;13;2;6
267932;Thimlak Fishery Farm (UR);13;267;1817;19600;Thimlak Fishery Farm (UR);13;2;7
267933;Bothanpou;13;267;1817;19800;Bothanpou;13;2;7
267934;Tuensang Village;13;267;1817;19900;Tuensang Village;13;2;7
267935;Khudei;13;267;1817;20200;Khudei;13;2;7
267936;Helipong Agri-Farm (UR);13;267;1817;20300;Helipong Agri-Farm (UR);13;2;7
267937;Ngangpong;13;267;1817;20400;Ngangpong;13;2;7
267938;Yali;13;267;1818;15200;Yali;13;2;4
267939;Longtang;13;267;1818;15300;Longtang;13;2;4
267940;Bhumpak;13;267;1818;18400;Bhumpak;13;2;7
267941;Saoshou;13;267;1818;18500;Saoshou;13;2;7
267942;Momching;13;267;1818;18600;Momching;13;2;7
267943;Sangchen Compound (UR);13;267;1818;18700;Sangchen Compound (UR);13;2;7
267944;Lokong;13;267;1818;18900;Lokong;13;2;7
267945;Ngoungchung Hq.;13;267;1818;19000;Ngoungchung Hq.;13;2;7
267946;Nakshou;13;267;1818;19200;Nakshou;13;2;7
267947;Hak;13;267;1818;19700;Hak;13;2;7
267948;Sangsangnyu Hq;13;267;1819;19100;Sangsangnyu Hq;13;2;7
267949;Keshai (UR);13;267;1819;19100;Sangsangnyu Hq;13;2;7
267950;Maksha;13;267;1819;19300;Maksha;13;2;7
267951;Hakchang;13;267;1819;19400;Hakchang;13;2;7
267952;Nyinyem;13;267;1819;19500;Nyinyem;13;2;7
267953;Kejok;13;267;1819;20000;Kejok;13;2;7
267954;Konya;13;267;1819;20100;Konya;13;2;7
267955;Chendang ;13;267;1819;20800;Chendang ;13;2;7
267956;Helipong;13;267;1820;20500;Helipong;13;2;7
267957;Sipongsang;13;267;1820;20600;Sipongsang;13;2;7
267958;Chingmelen;13;267;1820;20700;Chingmelen;13;2;7
267959;Kuthur;13;267;1820;20900;Kuthur;13;2;7
267960;Sotokur;13;267;1820;21000;Sotokur;13;2;7
267961;Longtokur;13;267;1820;21100;Longtokur;13;2;7
267962;K.Longsore;13;267;1820;25200;K.Longsore;13;2;12
267963;Pangsha (New);13;267;1821;21600;Pangsha (New);13;2;8
267964;Pangsha (Old);13;267;1821;21700;Pangsha (Old);13;2;8
267965;Dan;13;267;1821;21700;Pangsha (Old);13;2;8
267966;Wansoi;13;267;1821;21800;Wansoi;13;2;8
267967;Nokyan;13;267;1821;21900;Nokyan;13;2;8
267968;"Nokyan ""B""";13;267;1821;21900;Nokyan;13;2;8
267969;Noklak Vill.;13;267;1821;22000;Noklak Vill.;13;2;8
267970;Noklak Hq;13;267;1821;22200;Noklak Hq;13;2;8
267971;Kusong;13;267;1821;22200;Noklak Hq;13;2;8
267972;Taknyu;13;267;1822;21200;Taknyu;13;2;8
267973;Yimpang;13;267;1822;21300;Yimpang;13;2;8
267974;Waoshu;13;267;1822;21400;Waoshu;13;2;8
267975;Chingmei;13;267;1822;21500;Chingmei;13;2;8
267976;Chingmei Hq.;13;267;1822;21500;Chingmei;13;2;8
267977;Chendang Saddle;13;267;1822;22100;Chendang Saddle;13;2;8
267978;Langnok;13;267;1823;22300;Langnok;13;2;8
267979;Nokhu Hq.;13;267;1823;22300;Langnok;13;2;8
267980;Nokhu;13;267;1823;22400;Nokhu;13;2;8
267981;Kenking (UR);13;267;1823;22400;Nokhu;13;2;8
267982;Aniashu;13;267;1823;22500;Aniashu;13;2;8
267983;Kingpao;13;267;1823;22500;Aniashu;13;2;8
267984;Choklangan;13;267;1823;22600;Choklangan;13;2;8
267985;Tsuwao;13;267;1824;22700;Tsuwao;13;2;9
267986;Yokao;13;267;1824;22800;Yokao;13;2;9
267987;Lengnyu;13;267;1824;22900;Lengnyu;13;2;9
267988;Lumoking (UR);13;267;1824;22900;Lengnyu;13;2;9
267989;Ekhao;13;267;1824;22900;Lengnyu;13;2;9
267990;Panso Hq;13;267;1824;23000;Panso Hq;13;2;9
267991;Tsangkoi (UR);13;267;1824;23000;Panso Hq;13;2;9
267992;Pathso Nokeng;13;267;1824;23100;Pathso Nokeng;13;2;9
267993;Pathso;13;267;1824;23200;Pathso;13;2;9
267994;Kingniu;13;267;1824;23300;Kingniu;13;2;9
267995;Yakor;13;267;1825;23400;Yakor;13;2;10
267996;Kihoto Theological College Campus ;13;267;1825;23400;Yakor;13;2;10
267997;Sangphur;13;267;1825;23500;Sangphur;13;2;10
267998;Chassir;13;267;1825;23600;Chassir;13;2;10
267999;Muleangkiur;13;267;1825;23700;Muleangkiur;13;2;10
268000;Shamator N.A.P Post;13;267;1825;23800;Shamator N.A.P Post;13;2;10
268001;Liangkonger;13;267;1825;23900;Liangkonger;13;2;10
268002;Shamator Hq;13;267;1825;24000;Shamator Hq;13;2;10
268003;Shamator   Village;13;267;1825;24100;Shamator   Village;13;2;10
268004;Waphur;13;267;1825;24200;Waphur;13;2;10
268005;Lasikiur;13;267;1825;24300;Lasikiur;13;2;10
268006;Rurur 'A' +'B';13;267;1826;24400;Rurur 'A' +'B';13;2;11
268007;Sukiur 'A' +'B';13;267;1826;24500;Sukiur 'A' +'B';13;2;11
268008;Tsurungto HQ;13;267;1826;24900;Tsurungto HQ;13;2;11
268009;K.Longsore (UR);13;267;1827;25000;K.Longsore (UR);13;2;12
268010;Kelonger;13;267;1827;25000;K.Longsore (UR);13;2;12
268011;Chessore Vill.;13;267;1827;25300;Chessore Vill.;13;2;12
268012;Chessore Hq;13;267;1827;25400;Chessore Hq;13;2;12
268013;Hukir;13;267;1827;25500;Hukir;13;2;12
268014;Aiponger;13;267;1827;25600;Aiponger;13;2;12
268015;Y. Anner Vill.;13;267;1828;25100;Y. Anner Vill.;13;2;12
268016;"Kephore ""A""";13;267;1828;25700;"Kephore ""A""";13;2;12
268017;"Kephore ""B"" (UR)";13;267;1828;25700;"Kephore ""A""";13;2;12
268018;Kiutsukiur;13;267;1828;25800;Kiutsukiur;13;2;12
268019;Mangko Hq ;13;267;1828;25800;Kiutsukiur;13;2;12
268020;"Shiponger ""A""";13;267;1828;25900;"Shiponger ""A""";13;2;12
268021;"Shiponger ""B""";13;267;1828;25900;"Shiponger ""A""";13;2;12
268022;Sanglao;13;267;1829;;;13;2;16
268023;Kingphu (UR);13;267;1829;29900;Kingphu (UR);13;2;16
268024;New Sanglao;13;267;1829;29900;Kingphu (UR);13;2;16
268025;Peshu;13;267;1829;30000;Peshu;13;2;16
268026;Thongtsou (UR);13;267;1829;30000;Peshu;13;2;16
268027;Peshu Nokya (UR);13;267;1829;30100;Peshu Nokya (UR);13;2;16
268028;Wui;13;267;1829;30200;Wui;13;2;16
268029;Chilliso;13;267;1829;30300;Chilliso;13;2;16
268030;Jejeiking (UR);13;267;1829;30300;Chilliso;13;2;16
268031;Kenjong;13;267;1829;30400;Kenjong;13;2;16
268032;Thonoknyu Hq;13;267;1829;30500;Thonoknyu Hq;13;2;16
268033;Thonoknyu  Vill.;13;267;1829;30600;Thonoknyu  Vill.;13;2;16
268034;Thoktsur;13;267;1829;30700;Thoktsur;13;2;16
268035;Chipur;13;267;1829;30800;Chipur;13;2;16
268036;Pang;13;267;1829;30900;Pang;13;2;16
268037;Thongsonyu;13;267;1829;31000;Thongsonyu;13;2;16
268038;New Thongsonyu;13;267;1829;31900;New Thongsonyu;13;2;17
268039;Tamlu Hq;13;268;1830;11800;Tamlu Hq;13;2;1
268040;Ametchong (UR);13;268;1830;11800;Tamlu Hq;13;2;1
268041;Tamlu Village;13;268;1830;11900;Tamlu Village;13;2;1
268042;Kangching;13;268;1830;12000;Kangching;13;2;1
268043;Netnyuching;13;268;1830;12000;Kangching;13;2;1
268044;Shetap;13;268;1831;11200;Shetap;13;2;1
268045;Ladaigarh;13;268;1831;11300;Ladaigarh;13;2;1
268046;Yonglok;13;268;1831;11300;Ladaigarh;13;2;1
268047;Namhaching;13;268;1831;11300;Ladaigarh;13;2;1
268048;Ngetchungshing;13;268;1831;11400;Ngetchungshing;13;2;1
268049;Aboiche (UR);13;268;1831;11400;Ngetchungshing;13;2;1
268050;Shemnyuching;13;268;1831;11500;Shemnyuching;13;2;1
268051;Bura Namsang;13;268;1831;11600;Bura Namsang;13;2;1
268052;Konsong S/ Comp (UR);13;268;1831;11700;Konsong S/ Comp (UR);13;2;1
268053;Tangha;13;268;1832;12100;Tangha;13;2;2
268054;Amosen (UR);13;268;1832;12100;Tangha;13;2;2
268055;Chingong (UR);13;268;1832;12100;Tangha;13;2;2
268056;Yongnyah Hq (UR);13;268;1832;12200;Yongnyah Hq (UR);13;2;2
268057;Shamshangching (UR);13;268;1832;12200;Yongnyah Hq (UR);13;2;2
268058;Yongnyah Village;13;268;1832;12300;Yongnyah Village;13;2;2
268059;Nian;13;268;1832;12400;Nian;13;2;2
268060;Yotan S/Comp (UR);13;268;1832;12500;Yotan S/Comp (UR);13;2;2
268061;Yongshei;13;268;1832;12600;Yongshei;13;2;2
268062;Yungja (UR);13;268;1832;12600;Yongshei;13;2;2
268063;Yongam;13;268;1832;12700;Yongam;13;2;2
268064;Noksosang;13;268;1833;12700;Yongam;13;2;3
268065;Yachem;13;268;1833;12800;Yachem;13;2;3
268066;Yaongyimchen;13;268;1833;12900;Yaongyimchen;13;2;3
268067;Alayung;13;268;1833;12900;Yaongyimchen;13;2;3
268068;Bhumnyu (Mongnyu);13;268;1833;13000;Bhumnyu (Mongnyu);13;2;3
268069;Dungkhao;13;268;1833;13000;Bhumnyu (Mongnyu);13;2;3
268070;Orangkong;13;268;1833;13100;Orangkong;13;2;3
268071;Hamlikhong (UR);13;268;1833;13100;Orangkong;13;2;3
268072;Oushok (UR);13;268;1833;13400;Oushok (UR);13;2;3
268073;Mongtikong;13;268;1833;13700;Mongtikong;13;2;3
268074;Namching S/Comp (UR);13;268;1833;13800;Namching S/Comp (UR);13;2;3
268075;Hukpang;13;268;1833;13900;Hukpang;13;2;3
268076;Lingtak (UR);13;268;1833;13900;Hukpang;13;2;3
268077;Pongching;13;268;1833;14000;Pongching;13;2;3
268078;Pongo;13;268;1834;13500;Pongo;13;2;3
268079;Hongnyu;13;268;1834;13600;Hongnyu;13;2;3
268080;Mungkhu (UR);13;268;1834;14000;Pongching;13;2;3
268081;Yongphang ;13;268;1834;14100;Yongphang ;13;2;3
268082;Yongphang S/Comp (UR);13;268;1834;14200;Yongphang S/Comp (UR);13;2;3
268083;Yangching;13;268;1834;14300;Yangching;13;2;3
268084;Sakshi Hq (UR);13;268;1834;14300;Yangching;13;2;3
268085;Yimchong;13;268;1834;14400;Yimchong;13;2;3
268086;Sakshi Village;13;268;1834;14500;Sakshi Village;13;2;3
268087;Auching;13;268;1834;14600;Auching;13;2;3
268088;Phisami S/Comp.;13;269;1835;26000;Phisami S/Comp.;13;2;13
268089;Shothumi 'A';13;269;1835;26100;Shothumi 'A';13;2;13
268090;Shothumi 'B';13;269;1835;26200;Shothumi 'B';13;2;13
268091;Phisami ;13;269;1835;26300;Phisami ;13;2;13
268092;Lukhami;13;269;1835;26400;Lukhami;13;2;13
268093;Yangzitong;13;269;1835;26500;Yangzitong;13;2;13
268094;Seyochung Hq;13;269;1835;26600;Seyochung Hq;13;2;13
268095;Seyochung Town GHS Camp;13;269;1835;26600;Seyochung Hq;13;2;13
268096;New Monger;13;269;1835;27000;New Monger;13;2;13
268097;Old Monger;13;269;1835;27100;Old Monger;13;2;13
268098;Yingphir;13;269;1835;27200;Yingphir;13;2;13
268099;Longya Comp.;13;269;1835;27300;Longya Comp.;13;2;13
268100;Seyochung  Vill.;13;269;1835;27400;Seyochung  Vill.;13;2;13
268101;Tsunger;13;269;1835;27500;Tsunger;13;2;13
268102;Thangthur;13;269;1835;27600;Thangthur;13;2;13
268103;Hutanger;13;269;1836;24700;Hutanger;13;2;11
268104;Huronger;13;269;1836;27700;Huronger;13;2;14
268105;Kichang S/Comp.;13;269;1836;27800;Kichang S/Comp.;13;2;14
268106;Purrur;13;269;1836;27900;Purrur;13;2;14
268107;Kisetong;13;269;1836;28000;Kisetong;13;2;14
268108;Risethsi (New) ;13;269;1836;28100;Risethsi (New) ;13;2;14
268109;Risethsi (Old);13;269;1836;28200;Risethsi (Old);13;2;14
268110;Inshikiur;13;269;1836;28300;Inshikiur;13;2;14
268111;Amahator Vill.;13;269;1836;28400;Amahator Vill.;13;2;14
268112;Amahator Hq;13;269;1836;28500;Amahator Hq;13;2;14
268113;Changchor;13;269;1836;28600;Changchor;13;2;14
268114;Keor;13;269;1836;28700;Keor;13;2;14
268115;Anatongre;13;269;1837;24600;Anatongre;13;2;11
268116;Anatongre (GREF) ;13;269;1837;28800;Anatongre (GREF) ;13;2;15
268117;Nutsü (UR);13;269;1837;28800;Anatongre (GREF) ;13;2;15
268118;Tsar Farm;13;269;1837;28900;Tsar Farm;13;2;15
268119;Phelungre;13;269;1837;29000;Phelungre;13;2;15
268120;Singrep;13;269;1837;29100;Singrep;13;2;15
268121;Langkok;13;269;1837;29200;Langkok;13;2;15
268122;Longthonger;13;269;1837;29300;Longthonger;13;2;15
268123;Kiphire Vill.;13;269;1837;29600;Kiphire Vill.;13;2;15
268124;Metonger;13;269;1838;31100;Metonger;13;2;17
268125;Sangkhumti;13;269;1838;31200;Sangkhumti;13;2;17
268126;Chikiponger;13;269;1838;31300;Chikiponger;13;2;17
268127;Kiusam Vill.;13;269;1838;31400;Kiusam Vill.;13;2;17
268128;Kiusam Hq;13;269;1838;31500;Kiusam Hq;13;2;17
268129;Longtsunger;13;269;1838;31600;Longtsunger;13;2;17
268130;Pokphur;13;269;1838;31700;Pokphur;13;2;17
268131;Sangtsung;13;269;1838;32000;Sangtsung;13;2;17
268132;Langzanger;13;269;1839;32100;Langzanger;13;2;18
268133;Yangsekyu;13;269;1839;32200;Yangsekyu;13;2;18
268134;Thazuvi;13;269;1839;32300;Thazuvi;13;2;18
268135;Chehozu (UR);13;269;1839;32300;Thazuvi;13;2;18
268136;Natsami;13;269;1839;32400;Natsami;13;2;18
268137;Sitimi Vill.;13;269;1839;32500;Sitimi Vill.;13;2;18
268138;Shishimi;13;269;1839;32600;Shishimi;13;2;18
268139;Sitimi Hq;13;269;1839;32700;Sitimi Hq;13;2;18
268140;Kiyezhe;13;269;1839;32700;Sitimi Hq;13;2;18
268141;Nitoi;13;269;1839;32800;Nitoi;13;2;18
268142;Honito;13;269;1839;32900;Honito;13;2;18
268143;Nikiye;13;269;1839;33000;Nikiye;13;2;18
268144;Xuvishe;13;269;1839;33100;Xuvishe;13;2;18
268145;Santsoze;13;269;1840;33100;Xuvishe;13;2;19
268146;Samphur;13;269;1840;33200;Samphur;13;2;19
268147;Tetheyu;13;269;1840;33300;Tetheyu;13;2;19
268148;Tsongphong;13;269;1840;33300;Tetheyu;13;2;19
268149;Tethezu;13;269;1840;33400;Tethezu;13;2;19
268150;Tsulothe GREF Camp;13;269;1840;33500;Tsulothe GREF Camp;13;2;19
268151;Longmatra Hq;13;269;1840;33600;Longmatra Hq;13;2;19
268152;Tsungaki Camp;13;269;1840;33700;Tsungaki Camp;13;2;19
268153;Longmatra;13;269;1840;33800;Longmatra;13;2;19
268154;Ngromi;13;269;1840;33900;Ngromi;13;2;19
268155;New Longmatra;13;269;1840;34000;New Longmatra;13;2;19
268156;Pungren;13;269;1840;34100;Pungren;13;2;19
268157;Zimkiur;13;269;1841;34200;Zimkiur;13;2;20
268158;Chomi;13;269;1841;34300;Chomi;13;2;20
268159;Zaonger;13;269;1841;34400;Zaonger;13;2;20
268160;Tekivong;13;269;1841;34500;Tekivong;13;2;20
268161;Iponger;13;269;1841;34600;Iponger;13;2;20
268162;Pungro Vill.;13;269;1841;34700;Pungro Vill.;13;2;20
268163;Luthur;13;269;1841;34800;Luthur;13;2;20
268164;Pungro Hq;13;269;1841;34900;Pungro Hq;13;2;20
268165;Vongti;13;269;1841;35000;Vongti;13;2;20
268166;New Vongti;13;269;1841;35100;New Vongti;13;2;20
268167;LHEP Compound;13;269;1841;35800;LHEP Compound;13;2;20
268168;Moya;13;269;1841;35900;Moya;13;2;20
268169;Longkhimong;13;269;1841;36000;Longkhimong;13;2;20
268170;Khongjiri;13;269;1841;36200;Khongjiri;13;2;20
268171;Mimi;13;269;1841;36300;Mimi;13;2;20
268172;Mutingkhong;13;269;1841;36400;Mutingkhong;13;2;20
268173;Khongka;13;269;1841;36500;Khongka;13;2;20
268174;Lofukhong;13;269;1841;36600;Lofukhong;13;2;20
268175;Hakumti;13;269;1841;36700;Hakumti;13;2;20
268176;Salomi;13;269;1842;35200;Salomi;13;2;20
268177;Khongsa Hq.;13;269;1842;35200;Salomi;13;2;20
268178;Penkim;13;269;1842;35300;Penkim;13;2;20
268179;Fakim;13;269;1842;35400;Fakim;13;2;20
268180;Vongtsowong;13;269;1842;35500;Vongtsowong;13;2;20
268181;Tsundang;13;269;1842;35600;Tsundang;13;2;20
268182;Thanamir;13;269;1842;35700;Thanamir;13;2;20
268183;Khong;13;269;1842;36100;Khong;13;2;20
268184;Rumensinyu;13;270;1843;101200;Rumensinyu;13;7;1
268185;Tsonsa;13;270;1843;101500;Tsonsa;13;7;1
268186;K. Station;13;270;1843;101600;K. Station;13;7;1
268187;Sishunu;13;270;1843;101700;Sishunu;13;7;1
268188;Kandinu;13;270;1843;101800;Kandinu;13;7;1
268189;Likhwenchu;13;270;1843;101800;Kandinu;13;7;1
268190;Chunlikha;13;270;1843;101900;Chunlikha;13;7;1
268191;Sewanu;13;270;1843;101900;Chunlikha;13;7;1
268192;Nsunyu;13;270;1843;102000;Nsunyu;13;7;1
268193;Ehunnu;13;270;1843;102100;Ehunnu;13;7;1
268194;Yikhanu;13;270;1843;102200;Yikhanu;13;7;1
268195;New Tesophenyu;13;270;1843;102300;New Tesophenyu;13;7;1
268196;Tesophenyu;13;270;1843;102400;Tesophenyu;13;7;1
268197;Ziphenyu;13;270;1843;102500;Ziphenyu;13;7;1
268198;Khenyu;13;270;1843;102600;Khenyu;13;7;1
268199;Phenshunyu;13;270;1843;102800;Phenshunyu;13;7;1
268200;Tseminyu Vill.;13;270;1843;102900;Tseminyu Vill.;13;7;1
268201;Ngvuphen;13;270;1843;102900;Tseminyu Vill.;13;7;1
268202;Gukhanyu;13;270;1843;103100;Gukhanyu;13;7;1
268203;Zisunyu;13;270;1843;103200;Zisunyu;13;7;1
268204;Zunpha Mission Centre (UR);13;270;1843;103300;Zunpha Mission Centre (UR);13;7;1
268205;Tseminyu Old Town;13;270;1843;103600;Tseminyu Old Town;13;7;1
268206;Khonibenzun;13;270;1843;103700;Khonibenzun;13;7;1
268207;Terogunyu;13;270;1843;103800;Terogunyu;13;7;1
268208;Phenwhenyu;13;270;1843;103900;Phenwhenyu;13;7;1
268209;Henbenji;13;270;1843;104000;Henbenji;13;7;1
268210;Kashanyu;13;270;1843;104100;Kashanyu;13;7;1
268211;Guzinyu (UR);13;270;1843;104100;Kashanyu;13;7;1
268212;Kashanyishi ;13;270;1843;104200;Kashanyishi ;13;7;1
268213;Phenda (UR);13;270;1843;104300;Phenda (UR);13;7;1
268214;Tseminyu South ;13;270;1843;104500;Tseminyu South ;13;7;1
268215;New Terogunyu ;13;270;1843;104600;New Terogunyu ;13;7;1
268216;Longwesunyu;13;270;1844;101300;Longwesunyu;13;7;1
268217;Tsogin Hq;13;270;1844;101300;Longwesunyu;13;7;1
268218;Rengmapani;13;270;1844;101400;Rengmapani;13;7;1
268219;Tsosinyu;13;270;1844;102700;Tsosinyu;13;7;1
268220;New Sendenyu;13;270;1844;103400;New Sendenyu;13;7;1
268221;Sendenyu;13;270;1844;103500;Sendenyu;13;7;1
268222;Thongsunyu;13;270;1844;104400;Thongsunyu;13;7;1
268223;Viphoma;13;270;1845;98800;Viphoma;13;6;7
268224;Viphoma Basa (UR);13;270;1845;98800;Viphoma;13;6;7
268225;Phekerkrie Basa;13;270;1845;104700;Phekerkrie Basa;13;7;2
268226;Phekerkrie Bawe;13;270;1845;105000;Phekerkrie Bawe;13;7;2
268227;Ziezou;13;270;1845;105500;Ziezou;13;7;2
268228;Nachama;13;270;1845;105700;Nachama;13;7;2
268229;Ciechama;13;270;1845;105900;Ciechama;13;7;2
268230;Zhadima;13;270;1845;106000;Zhadima;13;7;2
268231;Chiephobozou;13;270;1845;106100;Chiephobozou;13;7;2
268232;Nerhe Model;13;270;1845;106200;Nerhe Model;13;7;2
268233;Nerhema;13;270;1845;106400;Nerhema;13;7;2
268234;Phezha;13;270;1845;106500;Phezha;13;7;2
268235;Tsiese Basa;13;270;1845;106600;Tsiese Basa;13;7;2
268236;Tsiese Bawe;13;270;1845;106700;Tsiese Bawe;13;7;2
268237;Thizama;13;270;1845;106800;Thizama;13;7;2
268238;Meriema;13;270;1845;106900;Meriema;13;7;2
268239;4Th NAP Batt. Thiza;13;270;1845;107000;4Th NAP Batt. Thiza;13;7;2
268240;Rusoma;13;270;1845;107100;Rusoma;13;7;2
268241;Tsiemekhuma Basa;13;270;1846;107100;Rusoma;13;7;0
268242;Tsiemekhuma Bawe;13;270;1846;104800;Tsiemekhuma Bawe;13;7;2
268243;Seiyhama;13;270;1846;104900;Seiyhama;13;7;2
268244;Seiyha Phesa;13;270;1846;105200;Seiyha Phesa;13;7;2
268245;Botsa;13;270;1846;105300;Botsa;13;7;2
268246;Tuophema;13;270;1846;105400;Tuophema;13;7;2
268247;Tuophe Phezou;13;270;1846;105400;Tuophema;13;7;2
268248;Teichuma;13;270;1846;105600;Teichuma;13;7;2
268249;Gareiphema;13;270;1846;105800;Gareiphema;13;7;2
268250;Gareiphe Basa;13;270;1846;106300;Gareiphe Basa;13;7;2
268251;Kijumetouma;13;270;1847;107200;Kijumetouma;13;7;3
268252;Kijumetou Basa;13;270;1847;107200;Kijumetouma;13;7;3
268253;Dihoma;13;270;1847;107300;Dihoma;13;7;3
268254;Sakhabama;13;270;1847;107400;Sakhabama;13;7;3
268255;Kezo Town (UR);13;270;1847;107500;Kezo Town (UR);13;7;3
268256;Mitelephe;13;270;1847;107600;Mitelephe;13;7;3
268257;Kezo Basa;13;270;1847;107700;Kezo Basa;13;7;3
268258;Kezoma;13;270;1847;107800;Kezoma;13;7;3
268259;Kezocha Hq;13;270;1847;107900;Kezocha Hq;13;7;3
268260;Kidima;13;270;1847;108000;Kidima;13;7;3
268261;Pfuchama;13;270;1848;108100;Pfuchama;13;7;4
268262;Phesama;13;270;1848;108200;Phesama;13;7;4
268263;Mima;13;270;1848;108400;Mima;13;7;4
268264;Kigwema;13;270;1848;108500;Kigwema;13;7;4
268265;Kigwe Town (UR);13;270;1848;108600;Kigwe Town (UR);13;7;4
268266;Jakhama Hq (UR);13;270;1848;108700;Jakhama Hq (UR);13;7;4
268267;Jakhama Vill.;13;270;1848;108800;Jakhama Vill.;13;7;4
268268;Sweba (Viswema) ;13;270;1848;108900;Sweba (Viswema) ;13;7;4
268269;Viswema;13;270;1848;109000;Viswema;13;7;4
268270;Khuzama;13;270;1848;109100;Khuzama;13;7;4
268271;Chiede Model Vill.;13;270;1849;109300;Chiede Model Vill.;13;7;5
268272;Chiedema;13;270;1849;109400;Chiedema;13;7;5
268273;Kohima Village (CT);13;270;1849;109500;Kohima Vill;13;7;5
268274;Mengujuma;13;270;1850;109600;Mengujuma;13;7;6
268275;Peducha;13;270;1850;109700;Peducha;13;7;6
268276;Sirhi Angami;13;270;1850;109800;Sirhi Angami;13;7;6
268277;Kiruphema Bawe;13;270;1850;109900;Kiruphema Bawe;13;7;6
268278;Kiruphema Basa;13;270;1850;110000;Kiruphema Basa;13;7;6
268279;Sechu (Zubza);13;270;1850;110100;Sechu (Zubza);13;7;6
268280;Hydro Project Station;13;270;1850;110200;Hydro Project Station;13;7;6
268281;Mezo Basa;13;270;1850;110200;Hydro Project Station;13;7;6
268282;Thekrejuma;13;270;1850;110300;Thekrejuma;13;7;6
268283;Sechuma;13;270;1850;110400;Sechuma;13;7;6
268284;Mezoma;13;270;1850;110500;Mezoma;13;7;6
268285;Jotsoma;13;270;1850;110600;Jotsoma;13;7;6
268286;Phezhu (Jotsoma) (UR);13;270;1850;110600;Jotsoma;13;7;6
268287;Khonoma;13;270;1850;110700;Khonoma;13;7;6
268288;Khonoma Basa (UR);13;270;1850;110700;Khonoma;13;7;6
268289;Dzuleke;13;270;1850;110800;Dzuleke;13;7;6
268290;Heningkunglwa;13;271;1851;110900;Heningkunglwa;13;7;7
268291;Ngwalwa Hq;13;271;1851;111000;Ngwalwa Hq;13;7;7
268292;Gaili;13;271;1851;111100;Gaili;13;7;7
268293;Punglwa 'B' (UR);13;271;1851;111100;Gaili;13;7;7
268294;Punglwa;13;271;1851;111200;Punglwa;13;7;7
268295;Ngwalwa Vill.;13;271;1851;111400;Ngwalwa Vill.;13;7;7
268296;Hainaikui (UR);13;271;1851;111500;Hainaikui (UR);13;7;7
268297;Pedi;13;271;1851;111600;Pedi;13;7;7
268298;Heunanbe (UR);13;271;1851;111600;Pedi;13;7;7
268299;Benreu;13;271;1851;111700;Benreu;13;7;7
268300;Poilwa;13;271;1851;111800;Poilwa;13;7;7
268301;Poilwa Namci;13;271;1851;111800;Poilwa;13;7;7
268302;Poilwa Namdi (UR);13;271;1851;111900;Poilwa Namdi (UR);13;7;7
268303;Kelagim (UR);13;271;1851;112000;Kelagim (UR);13;7;7
268304;Inavi (Hevuto) (UR);13;271;1852;98200;Inavi (Hevuto) (UR);13;6;6
268305;Viniho (UR);13;271;1852;98600;Viniho (UR);13;6;6
268306;Jalukiekam;13;271;1852;112200;Jalukiekam;13;7;8
268307;Jalukie Zangdi;13;271;1852;112300;Jalukie Zangdi;13;7;8
268308;Libamphai;13;271;1852;112400;Libamphai;13;7;8
268309;Jalukie 'S' (J. Sangtam);13;271;1852;112500;Jalukie 'S' (J. Sangtam);13;7;8
268310;Mhaikam;13;271;1852;112600;Mhaikam;13;7;8
268311;Jalukielo;13;271;1852;112700;Jalukielo;13;7;8
268312;Nkwareu;13;271;1852;112900;Nkwareu;13;7;8
268313;Jalukie Rongdai (UR);13;271;1852;112900;Nkwareu;13;7;8
268314;Mhainamtsi;13;271;1852;113000;Mhainamtsi;13;7;8
268315;New Jalukie;13;271;1852;113100;New Jalukie;13;7;8
268316;Jalukie 'B';13;271;1852;113200;Jalukie 'B';13;7;8
268317;Jalukie Lower Khel (UR);13;271;1852;113600;Jalukie Lower Khel (UR);13;7;8
268318;Samzuram;13;271;1852;113700;Samzuram;13;7;8
268319;Jalukieram;13;271;1852;113700;Samzuram;13;7;8
268320;Jalukie Upper Khel (UR);13;271;1852;113800;Jalukie Upper Khel (UR);13;7;8
268321;Jalukie (Old);13;271;1852;113900;Jalukie (Old);13;7;8
268322;Dunki;13;271;1852;114000;Dunki;13;7;8
268323;Mhai;13;271;1852;114100;Mhai;13;7;8
268324;Kejanglwa;13;271;1852;114300;Kejanglwa;13;7;8
268325;Dzukwaram;13;271;1852;114400;Dzukwaram;13;7;8
268326;Beisumpuikam;13;271;1853;112100;Beisumpuikam;13;7;8
268327;Lilen;13;271;1853;113300;Lilen;13;7;8
268328;Lilen 'B' (UR);13;271;1853;113400;Lilen 'B' (UR);13;7;8
268329;Phanjang;13;271;1853;113500;Phanjang;13;7;8
268330;Saijang;13;271;1853;114200;Saijang;13;7;8
268331;Newchamcha (UR);13;271;1853;114500;Newchamcha (UR);13;7;9
268332;Phaijol;13;271;1853;114600;Phaijol;13;7;9
268333;New Chalkot;13;271;1853;114700;New Chalkot;13;7;9
268334;Vongkithem;13;271;1853;114800;Vongkithem;13;7;9
268335;Vongkithem 'B' (UR);13;271;1853;114900;Vongkithem 'B' (UR);13;7;9
268336;Pellhang 'B' (UR);13;271;1853;115000;Pellhang 'B' (UR);13;7;9
268337;Gellhang (UR);13;271;1853;115100;Gellhang (UR);13;7;9
268338;New Pellhang (UR);13;271;1853;115200;New Pellhang (UR);13;7;9
268339;Pellhang   ;13;271;1853;115300;Pellhang   ;13;7;9
268340;Inbung;13;271;1853;115400;Inbung;13;7;9
268341;Old Chalkot;13;271;1853;115500;Old Chalkot;13;7;9
268342;Songlhuh;13;271;1853;115600;Songlhuh;13;7;9
268343;Athibung;13;271;1853;115700;Athibung;13;7;9
268344;New Beisumpui;13;271;1853;115800;New Beisumpui;13;7;9
268345;Bongkolong;13;271;1853;115900;Bongkolong;13;7;9
268346;Bunglen (UR);13;271;1853;116000;Bunglen (UR);13;7;9
268347;Mouicham (UR);13;271;1853;116100;Mouicham (UR);13;7;9
268348;Gopibung (UR);13;271;1853;116200;Gopibung (UR);13;7;9
268349;Songsang;13;271;1853;116300;Songsang;13;7;9
268350;Old Beisumpui;13;271;1853;116400;Old Beisumpui;13;7;9
268351;Lower Sinjol;13;271;1854;116500;Lower Sinjol;13;7;9
268352;Songngou;13;271;1854;116600;Songngou;13;7;9
268353;New Soget;13;271;1854;116700;New Soget;13;7;9
268354;Beisumpuilwo (UR);13;271;1854;116700;New Soget;13;7;9
268355;Ikeisingram;13;271;1854;116800;Ikeisingram;13;7;9
268356;Nsenlwa;13;271;1854;116900;Nsenlwa;13;7;9
268357;Old Soget;13;271;1854;117000;Old Soget;13;7;9
268358;Khelma;13;271;1854;117100;Khelma;13;7;9
268359;Sailhem;13;271;1854;117200;Sailhem;13;7;9
268360;Nkio (New);13;271;1854;117300;Nkio (New);13;7;9
268361;Phaikolum;13;271;1854;117400;Phaikolum;13;7;9
268362;Nkio 'B';13;271;1854;117500;Nkio 'B';13;7;9
268363;New Ngaolong;13;271;1854;117600;New Ngaolong;13;7;9
268364;Bamsiakelu;13;271;1855;117700;Bamsiakelu;13;7;10
268365;Nsong Hq;13;271;1855;117800;Nsong Hq;13;7;10
268366;Nchan;13;271;1855;117900;Nchan;13;7;10
268367;Old Ngaulong;13;271;1855;118000;Old Ngaulong;13;7;10
268368;Nsong Vill.;13;271;1855;118100;Nsong Vill.;13;7;10
268369;Ngam;13;271;1855;118200;Ngam;13;7;10
268370;Lalong;13;271;1855;118300;Lalong;13;7;10
268371;Nzauna;13;271;1855;118400;Nzauna;13;7;10
268372;Heiranglwa;13;271;1856;118500;Heiranglwa;13;7;11
268373;New Tesen;13;271;1856;118600;New Tesen;13;7;11
268374;Old Tesen;13;271;1856;118700;Old Tesen;13;7;11
268375;Mbaulwa;13;271;1856;118800;Mbaulwa;13;7;11
268376;Upper Sinjol;13;271;1856;118900;Upper Sinjol;13;7;11
268377;Nkialwa;13;271;1856;119000;Nkialwa;13;7;11
268378;Azailong;13;271;1856;119100;Azailong;13;7;11
268379;Mbaupungwa;13;271;1856;119200;Mbaupungwa;13;7;11
268380;Mbaupunchi;13;271;1856;119200;Mbaupungwa;13;7;11
268381;Nchangram;13;271;1856;119300;Nchangram;13;7;11
268382;Nkio (Old);13;271;1856;119400;Nkio (Old);13;7;11
268383;Tening Hq;13;271;1856;119500;Tening Hq;13;7;11
268384;Tening Christ Vill. (UR);13;271;1856;119600;Tening Christ Vill. (UR);13;7;11
268385;Tening (Old);13;271;1856;119700;Tening (Old);13;7;11
268386;Tening Namsan (UR);13;271;1856;119700;Tening (Old);13;7;11
268387;Tepun;13;271;1856;119800;Tepun;13;7;11
268388;Nzau (Old);13;271;1856;119900;Nzau (Old);13;7;11
268389;Nzau Namsan;13;271;1856;120000;Nzau Namsan;13;7;11
268390;Ntu;13;271;1856;120100;Ntu;13;7;11
268391;Canamram (UR);13;271;1856;120100;Ntu;13;7;11
268392;Peren (New);13;271;1857;120200;Peren (New);13;7;12
268393;Kipeujang (UR);13;271;1857;120300;Kipeujang (UR);13;7;12
268394;Peletkie;13;271;1857;120400;Peletkie;13;7;12
268395;Ndunglwa;13;271;1857;120500;Ndunglwa;13;7;12
268396;Peren Namdi (UR);13;271;1857;120700;Peren Namdi (UR);13;7;12
268397;Peren (Old);13;271;1857;120800;Peren (Old);13;7;12
268398;New Puilwa;13;271;1857;120900;New Puilwa;13;7;12
268399;Old Puilwa;13;271;1857;121000;Old Puilwa;13;7;12
268400;Mpai;13;271;1857;121000;Old Puilwa;13;7;12
268401;Kendung;13;271;1857;121300;Kendung;13;7;12
