village_code_2011;village_name_2011;state_code_2011;district_code_2011;sub_district_code_2011;village_code_2001;village_name_2001;state_code_2001;district_code_2001;sub_district_code_2001
524907;Vanakbara;25;494;3947;100;Vanakbara;25;1;1
524908;Zolawadi;25;494;3947;200;Bhucharvada;25;1;1
524909;Bhucharvada;25;494;3947;200;Bhucharvada;25;1;1
524910;Saudwadi;25;494;3947;100;Vanakbara;25;1;1
524911;Devka;25;495;3948;300;Devka;25;2;1
524912;Janivankad;25;495;3948;700;Janivankad;25;2;1
524913;Varkund;25;495;3948;900;Varkund;25;2;1
524914;Ringanwada;25;495;3948;1000;Ringanwada;25;2;1
524915;Magarwada;25;495;3948;1300;Magarwada;25;2;1
524916;Damanwada (Dama O-De-Cima);25;495;3948;1400;Damanwada (Dama O-De-Cima);25;2;1
524917;Palhit;25;495;3948;1500;Palhit;25;2;1
524918;Bhamati;25;495;3948;1600;Bhamati;25;2;1
524919;Dholar;25;495;3948;1700;Dholar;25;2;1
524920;Jampore;25;495;3948;1800;Jampore;25;2;1
524921;Pariari;25;495;3948;1900;Pariari;25;2;1
524922;Deva Pardi;25;495;3948;2000;Deva Pardi;25;2;1
524923;Naila Pardi;25;495;3948;2100;Naila Pardi;25;2;1
524924;Thana Pardi;25;495;3948;2200;Thana Pardi;25;2;1
524925;Zari;25;495;3948;2300;Zari;25;2;1
524926;Marwad (CT);25;495;3948;400;Marwad;25;2;1
524927;Kadaiya (CT);25;495;3948;500;Kadaiya;25;2;1
524928;Bhimpore (CT);25;495;3948;600;Bhimpore;25;2;1
524929;Dunetha (CT);25;495;3948;800;Dunetha;25;2;1
524930;Dadhel (CT);25;495;3948;1100;Dabhel;25;2;1
524931;Kachigam (CT);25;495;3948;1200;Kachigam;25;2;1
