village_code_2011;village_name_2011;state_code_2011;district_code_2011;sub_district_code_2011;village_code_2001;village_name_2001;state_code_2001;district_code_2001;sub_district_code_2001
260925;Lachen;11;241;1547;100;Lachen;11;1;1
260926;Lachung;11;241;1547;200;Lachung;11;1;1
260927;Chungthang;11;241;1547;300;Chungthang;11;1;1
260928;Shipgyer;11;241;1547;400;Shipgyer;11;1;1
260929;Tung;11;241;1547;500;Tung;11;1;1
260930;Lachen Forest Block;11;241;1547;600;Lachen Forest Block;11;1;1
260931;Thangu Forest Block ;11;241;1547;;;11;1;1
260932;Lachung Forest Block;11;241;1547;700;Lachung Forest Block;11;1;1
260933;Tshungthang Forest Block;11;241;1547;800;Tshungthang Forest Block;11;1;1
260934;Naga-Namgor;11;241;1548;900;Naga-Namgor;11;1;2
260935;Meyong;11;241;1548;1000;Meyong;11;1;2
260936;Singchit;11;241;1548;1100;Singchit;11;1;2
260937;Pakshep;11;241;1548;1200;Pakshep;11;1;2
260938;Kazor ;11;241;1548;1300;Kazor ;11;1;2
260939;Sentam;11;241;1548;1400;Sentam;11;1;2
260940;Salim Pakel;11;241;1548;1500;Salim Pakel;11;1;2
260941;Lingthem ;11;241;1548;1600;Lingthem ;11;1;2
260942;Lingdem;11;241;1548;1700;Lingdem;11;1;2
260943;Tingbong;11;241;1548;1800;Tingbong;11;1;2
260944;Lingzah-Tolung;11;241;1548;1900;Lingzah-Tolung;11;1;2
260945;Sakyong-Pentong;11;241;1548;2000;Sakyong-Pentong;11;1;2
260946;Lum;11;241;1548;2100;Lum;11;1;2
260947;Sangtok;11;241;1548;2200;Sangtok;11;1;2
260948;Gor;11;241;1548;2300;Gor;11;1;2
260949;Gnon-Samdong;11;241;1548;2400;Gnon-Samdong;11;1;2
260950;Hee-Gyathang;11;241;1548;2500;Hee-Gyathang;11;1;2
260951;Barfok;11;241;1548;2600;Barfok;11;1;2
260952;Lingdong;11;241;1548;2700;Lingdong;11;1;2
260953;Zimchung;11;241;1548;2800;Zimchung;11;1;2
260954;Singhik;11;241;1548;2900;Singhik;11;1;2
260955;Ringhim;11;241;1548;3000;Ringhim;11;1;2
260956;Nampatam;11;241;1548;3100;Nampatam;11;1;2
260957;Tingchim;11;241;1548;3200;Tingchim;11;1;2
260958;U. Mangshila;11;241;1548;3300;U. Mangshila;11;1;2
260959;L. Mangshila;11;241;1548;3400;L. Mangshila;11;1;2
260960;Namok;11;241;1548;3500;Namok;11;1;2
260961;Sheyam;11;241;1548;3600;Sheyam;11;1;2
260962;Tangyek;11;241;1548;3700;Tangyek;11;1;2
260963;Ramthamg;11;241;1548;3800;Ramthang;11;1;2
260964;Rongong;11;241;1548;3900;Rongong;11;1;2
260965;Tumlong;11;241;1548;4000;Tumlong;11;1;2
260966;Phodong;11;241;1548;4100;Phodong;11;1;2
260967;Chawang;11;241;1548;4200;Chawang;11;1;2
260968;Phamtam;11;241;1548;4300;Phamtam;11;1;2
260969;Men-Rongong;11;241;1548;4400;Men-Rongong;11;1;2
260970;Paney-Phensong;11;241;1548;4500;Paney-Phensong;11;1;2
260971;Labi;11;241;1548;4600;Labi;11;1;2
260972;Kabi;11;241;1548;4700;Kabi;11;1;2
260973;Tingda;11;241;1548;4800;Tingda;11;1;2
260974;Upper Dzongu Forest Block;11;241;1548;4900;Upper Dzongu Forest Block;11;1;2
260975;Lower Dzongu Forest Block;11;241;1548;;;11;1;2
260976;Naga Forest Block;11;241;1548;5000;Naga Forest Block;11;1;2
260977;Mangan Forest Block;11;241;1548;5100;Mangan Forest Block;11;1;2
260978;Phodong Forest Block;11;241;1548;5200;Phodong Forest Block;11;1;2
260979;Kabi Forest Block;11;241;1548;5300;Kabi Forest Block;11;1;2
260980;Dubdi;11;242;1549;5400;Dubdi;11;2;1
260981;Yuksam;11;242;1549;5500;Yuksam;11;2;1
260982;Gerethang;11;242;1549;5600;Gerethang;11;2;1
260983;Labing;11;242;1549;5700;Labing;11;2;1
260984;Tsozo;11;242;1549;5800;Tsozo;11;2;1
260985;Khachodpalri;11;242;1549;5900;Khachodpalri;11;2;1
260986;Tingle I;11;242;1549;6000;Thingle I;11;2;1
260987;Tingle II;11;242;1549;6100;Thingle II;11;2;1
260988;Meli;11;242;1549;6200;Meli;11;2;1
260989;Meliaching;11;242;1549;6300;Melliaching;11;2;1
260990;Singlitam;11;242;1549;6400;Singlitam;11;2;1
260991;Tingbrum;11;242;1549;6500;Tingbrum;11;2;1
260992;Topung;11;242;1549;6600;Topung;11;2;1
260993;Singrangpung;11;242;1549;6700;Singrangpung;11;2;1
260994;Nambu;11;242;1549;6800;Nambu;11;2;1
260995;Darap;11;242;1549;6900;Darap;11;2;1
260996;Sindrang;11;242;1549;7000;Sindrang;11;2;1
260997;Singyang;11;242;1549;7100;Singyang;11;2;1
260998;Naku;11;242;1549;7200;Naku;11;2;1
260999;Chongpung;11;242;1549;7300;Chongpung;11;2;1
261000;Pemayangtse Monastery;11;242;1549;7400;Pemayangtse Monastery;11;2;1
261001;Yangten;11;242;1549;7500;Yangten;11;2;1
261002;Unglok;11;242;1549;7600;Unglok;11;2;1
261003;Bhaluthang;11;242;1549;7700;Bhaluthang;11;2;1
261004;Chongrang;11;242;1549;7800;Chongrang;11;2;1
261005;Arithang;11;242;1549;7900;Arithang;11;2;1
261006;Kongri;11;242;1549;8000;Kongri;11;2;1
261007;Labdang;11;242;1549;8100;Labdang;11;2;1
261008;Dhupidara;11;242;1549;8200;Dhupidara;11;2;1
261009;Narkhola;11;242;1549;8300;Narkhola;11;2;1
261010;Mangnam;11;242;1549;8400;Mangnam;11;2;1
261011;Gangyep;11;242;1549;8500;Gangyep;11;2;1
261012;Laso;11;242;1549;8600;Laso;11;2;1
261013;Tashiding;11;242;1549;8700;Tashiding;11;2;1
261014;Umchung;11;242;1549;8800;Umchung;11;2;1
261015;Gyalshing;11;242;1549;8900;Gyalshing;11;2;1
261016;Kyonsda;11;242;1549;9000;Kyonsda;11;2;1
261017;Yangthang;11;242;1549;9100;Yangthang;11;2;1
261018;Tikjya;11;242;1549;9200;Tikjya;11;2;1
261019;Lingchom;11;242;1549;9300;Lingchom;11;2;1
261020;Sardong;11;242;1549;9400;Sardong;11;2;1
261021;Lungzik;11;242;1549;9500;Lungzik;11;2;1
261022;Sapong;11;242;1549;9600;Sapong;11;2;1
261023;Bangten;11;242;1549;9700;Bangten;11;2;1
261024;Srinagi;11;242;1549;9800;Srinagi;11;2;1
261025;Liching;11;242;1549;9900;Liching;11;2;1
261026;Gyaten;11;242;1549;10000;Gayten;11;2;1
261027;Karmatar;11;242;1549;10100;Karmatar;11;2;1
261028;Sopakha;11;242;1549;10200;Sopakha;11;2;1
261029;Maneybung;11;242;1549;10300;Maneybung;11;2;1
261030;Begha;11;242;1549;10400;Begha;11;2;1
261031;Mangmo;11;242;1549;10500;Mangmo;11;2;1
261032;Dentam;11;242;1549;10600;Dentam;11;2;1
261033;Sangkhu;11;242;1549;10700;Sangkhu;11;2;1
261034;Radukhandu;11;242;1549;10800;Radu-Khandu;11;2;1
261035;Hee;11;242;1549;10900;Hee;11;2;1
261036;Hee-Patal;11;242;1549;11000;Hee-Patal;11;2;1
261037;Pecherek;11;242;1549;11100;Pecherek;11;2;1
261038;Martam;11;242;1549;11200;Martam;11;2;1
261039;Barnyak;11;242;1549;11300;Barnyak;11;2;1
261040;Barthang;11;242;1549;11400;Barthang;11;2;1
261041;Barphok;11;242;1549;11500;Barphok;11;2;1
261042;Chingthang;11;242;1549;11600;Chingthang;11;2;1
261043;Mengyong;11;242;1549;11700;Mengyong;11;2;1
261044;Miyong;11;242;1549;11800;Miyong;11;2;1
261045;Yuksam Forest Block;11;242;1549;11900;Yuksam Forest Block;11;2;1
261046;Khachodpalri Forest Block;11;242;1549;;;11;2;1
261047;Tashiding Forest Block;11;242;1549;12000;Tashiding Forest Block;11;2;1
261048;Gyalshing Forest Block;11;242;1549;12100;Gyalshing Forest Block;11;2;1
261049;Pelling Forest Blocks;11;242;1549;;;11;2;1
261050;Legship Forest Block;11;242;1549;;;11;2;1
261051;Dentam Forest Block;11;242;1549;12200;Dentam Forest Block;11;2;1
261052;Bernyak Forest Block;11;242;1549;12300;Bernyak Forest Block;11;2;1
261053;Tadong};11;242;1550;12400;Tadong;11;2;2
261054;Rinchenpong;11;242;1550;12500;Rinchenpong;11;2;2
261055;Sangadorji;11;242;1550;12600;Sangadorji;11;2;2
261056;Jeel;11;242;1550;12700;Jeel;11;2;2
261057;Hathidunga;11;242;1550;12800;Hathidunga;11;2;2
261058;Bum;11;242;1550;12900;Bum;11;2;2
261059;Rishi;11;242;1550;13000;Rishi;11;2;2
261060;Bara-Samdong;11;242;1550;13100;Bara-Samdong;11;2;2
261061;Sribadam;11;242;1550;13200;Sribadam;11;2;2
261062;Deythang;11;242;1550;13300;Deythang;11;2;2
261063;Parrengaon;11;242;1550;13400;Parrengaon;11;2;2
261064;Takuthang;11;242;1550;13500;Takuthang;11;2;2
261065;Chuchen;11;242;1550;13600;Chuchen;11;2;2
261066;Tinzerbong;11;242;1550;13700;Tinzerbong;11;2;2
261067;Suldung;11;242;1550;13800;Suldung;11;2;2
261068;Kamling;11;242;1550;13900;Kamling;11;2;2
261069;Mabong;11;242;1550;14000;Mabong;11;2;2
261070;Segeng;11;242;1550;14100;Segeng;11;2;2
261071;Samsing;11;242;1550;14200;Samsing;11;2;2
261072;Geling;11;242;1550;14300;Geling;11;2;2
261073;Suntaley;11;242;1550;14400;Suntaley;11;2;2
261074;Khanisherbung;11;242;1550;14500;Khanisherbung;11;2;2
261075;Aroobotey;11;242;1550;14600;Aroobotey;11;2;2
261076;Chota-Samdong;11;242;1550;14700;Chota Samdong (Sumdong);11;2;2
261077;Singling;11;242;1550;14800;Singling;11;2;2
261078;Karthok;11;242;1550;14900;Karthok;11;2;2
261079;Burikhop(Dodok);11;242;1550;15000;Burikhop(Dodok);11;2;2
261080;Burikhop(Rumbuk);11;242;1550;15100;Burikhop(Rumbuk);11;2;2
261081;Rumbuk;11;242;1550;15200;Rumbuk;11;2;2
261082;Bhareng;11;242;1550;15300;Bhareng;11;2;2
261083;Ribdi;11;242;1550;15400;Ribdi;11;2;2
261084;Okhery;11;242;1550;15500;Okhrey;11;2;2
261085;Tikpur;11;242;1550;15600;Tikpur;11;2;2
261086;Siktam;11;242;1550;15700;Siktam;11;2;2
261087;Salyangdang;11;242;1550;15800;Salyangdang;11;2;2
261088;Longchok;11;242;1550;15900;Longchok;11;2;2
261089;Lower Fambong;11;242;1550;16000;Lower Fambong;11;2;2
261090;Dhalam(Daramden);11;242;1550;16100;Dhalam(Daramden);11;2;2
261091;Upper Fambong;11;242;1550;16200;Upper Fambong;11;2;2
261092;Timberbong;11;242;1550;16300;Timberbong;11;2;2
261093;Tharpu;11;242;1550;16400;Tharpu;11;2;2
261094;Soreng;11;242;1550;16500;Soreng;11;2;2
261095;Malbasey;11;242;1550;16600;Malbasey;11;2;2
261096;Mendo-Goan;11;242;1550;16700;Mendo-Gaon;11;2;2
261097;Chakung;11;242;1550;16800;Chakung;11;2;2
261098;Chumbong;11;242;1550;16900;Chumbong;11;2;2
261099;Zoom;11;242;1550;17000;Zoom;11;2;2
261100;Hilley Forest Block;11;242;1550;17100;Hilley Forest Block;11;2;2
261101;Sombaria Forest Block;11;242;1550;17200;Sombaria Forest Block;11;2;2
261102;Soreng Forest Block;11;242;1550;17300;Soreng Forest Block;11;2;2
261103;Sribadam Forest Block;11;242;1550;;;11;2;2
261104;Nayabazar Forest Block;11;242;1550;17400;Nayabazar Forest Block;11;2;2
261105;Omchu;11;243;1551;17500;Omchu;11;3;1
261106;Chumlok;11;243;1551;17600;Chumlok;11;3;1
261107;Wak;11;243;1551;17700;Wak;11;3;1
261108;Chemchey;11;243;1551;17800;Chemchey;11;3;1
261109;Damthang;11;243;1551;17900;Damthang;11;3;1
261110;Jaubari;11;243;1551;18000;Jaubari;11;3;1
261111;Tingrithang;11;243;1551;18100;Tingrithang;11;3;1
261112;Mamley;11;243;1551;18200;Mamley;11;3;1
261113;Pabong(Mamley);11;243;1551;18300;Pabong(Mamley);11;3;1
261114;Pajer;11;243;1551;18400;Pajer;11;3;1
261115;Kamrang;11;243;1551;18500;Kamrang;11;3;1
261116;Tinzer;11;243;1551;18600;Tinzer;11;3;1
261117;Denchung;11;243;1551;18700;Denchung;11;3;1
261118;Poklok (Polok);11;243;1551;18800;Poklok (Polok);11;3;1
261119;Tinik;11;243;1551;18900;Tinik;11;3;1
261120;Chisopani;11;243;1551;19000;Chisopani;11;3;1
261121;Salghari;11;243;1551;19100;Salghari;11;3;1
261122;Dhargaon;11;243;1551;19200;Dhargaon;11;3;1
261123;Dorop;11;243;1551;19300;Dorop;11;3;1
261124;Gom;11;243;1551;19400;Gom;11;3;1
261125;Sorok;11;243;1551;19500;Sorok;11;3;1
261126;Shyampani;11;243;1551;19600;Shyampani;11;3;1
261127;Sangbung;11;243;1551;19700;Sangbung;11;3;1
261128;Assangthang;11;243;1551;19800;Assangthang;11;3;1
261129;Kopchey;11;243;1551;19900;Kopchey;11;3;1
261130;Mikkhola;11;243;1551;20000;Mikkhola;11;3;1
261131;Manpur;11;243;1551;20100;Manpur;11;3;1
261132;Kitam;11;243;1551;20200;Kitam;11;3;1
261133;Kartickey;11;243;1551;20300;Kartickey;11;3;1
261134;Sumbuk;11;243;1551;20400;Sumbuk;11;3;1
261135;Suntaley (Sumbuk);11;243;1551;20500;Suntaley (Sumbuk);11;3;1
261136;Rong;11;243;1551;20600;Rong;11;3;1
261137;Palum;11;243;1551;20700;Palum;11;3;1
261138;Singtam;11;243;1551;20800;Singtam;11;3;1
261139;Bul;11;243;1551;20900;Bul;11;3;1
261140;Bomtar;11;243;1551;21000;Bomtar;11;3;1
261141;Singhithang;11;243;1551;21100;Singhithang;11;3;1
261142;Saleumbong;11;243;1551;21300;Saleumbong;11;3;1
261143;Phalidara ;11;243;1551;21400;Phalidara ;11;3;1
261144;Maniram;11;243;1551;21500;Maniram;11;3;1
261145;Longchok;11;243;1551;21600;Longchok;11;3;1
261146;Kamarey;11;243;1551;21700;Kamarey;11;3;1
261147;Panchgharey;11;243;1551;21800;Panchgharey;11;3;1
261148;Turuk;11;243;1551;21900;Turuk;11;3;1
261149;Ramabong;11;243;1551;22000;Ramabong;11;3;1
261150;Kerabari;11;243;1551;22100;Kerabari;11;3;1
261151;Melli;11;243;1551;22200;Melli;11;3;1
261152;Mellidara;11;243;1551;22300;Mellidara;11;3;1
261153;Paiyong (Kerabari);11;243;1551;22400;Paiyong (Kerabari);11;3;1
261154;Suntaley (Sadam);11;243;1551;22500;Suntaley (Sadam);11;3;1
261155;Sukrabarey;11;243;1551;22600;Sukrabarey;11;3;1
261156;Sadam;11;243;1551;22700;Sadam;11;3;1
261157;Rabitar;11;243;1551;22800;Rabitar;11;3;1
261158;Rabikhola;11;243;1551;22900;Rabikhola;11;3;1
261159;Tangji;11;243;1551;23000;Tangji;11;3;1
261160;Bikmat;11;243;1551;23100;Bikmat;11;3;1
261161;Rateypani;11;243;1551;23200;Rateypani;11;3;1
261162;Passi;11;243;1551;23300;Passi;11;3;1
261163;Kateng-Bokrang;11;243;1551;23400;Kateng-Bokrang;11;3;1
261164;Paleytam;11;243;1551;23500;Paleytam;11;3;1
261165;Nalam-Kolbong;11;243;1551;23600;Nalam-Kolbong;11;3;1
261166;Nagi;11;243;1551;23700;Nagi;11;3;1
261167;Maneydara;11;243;1551;23800;Maneydara;11;3;1
261168;Kabrey;11;243;1551;23900;Kabrey;11;3;1
261169;Karek;11;243;1551;24000;Karek;11;3;1
261170;Phong;11;243;1551;24100;Phong;11;3;1
261171;Chuba;11;243;1551;24200;Chuba;11;3;1
261172;Parbing;11;243;1551;24300;Parbing;11;3;1
261173;Rameng;11;243;1551;24400;Rameng;11;3;1
261174;Nijarmeng;11;243;1551;24500;Nijarmeng;11;3;1
261175;Burul;11;243;1551;24600;Burul;11;3;1
261176;Barnyak;11;243;1551;24700;Barnyak;11;3;1
261177;Thangsing;11;243;1551;24800;Thangsing;11;3;1
261178;Tokal;11;243;1551;24900;Tokal;11;3;1
261179;Tokdey (Resep);11;243;1551;25000;Tokdey (Resep);11;3;1
261180;Gangchung;11;243;1551;25100;Gangchung;11;3;1
261181;Aifaltar;11;243;1551;25200;Aifaltar;11;3;1
261182;Temi Tea Estate;11;243;1551;25300;Temi Tea Estate;11;3;1
261183;Temi;11;243;1551;25400;Temi;11;3;1
261184;Tarku;11;243;1551;25500;Tarku;11;3;1
261185;Tanak;11;243;1551;25600;Tanak;11;3;1
261186;Pabong (Gangchung);11;243;1551;25700;Pabong (Gangchung);11;3;1
261187;Doring;11;243;1551;25800;Doring;11;3;1
261188;Rashyap;11;243;1551;25900;Rashyap;11;3;1
261189;Namphing;11;243;1551;26000;Namphing;11;3;1
261190;Tsalumthang;11;243;1551;26100;Tshalumthang;11;3;1
261191;Turung;11;243;1551;26200;Turung;11;3;1
261192;Kanamtek;11;243;1551;26300;Kanamtek;11;3;1
261193;Pamphok;11;243;1551;26400;Pamphok;11;3;1
261194;Donok;11;243;1551;26500;Donok;11;3;1
261195;Mamring;11;243;1551;26600;Mamring;11;3;1
261196;Temi Forest Block;11;243;1551;26800;Temi Forest Block;11;3;1
261197;Namchi Forest Block;11;243;1551;26900;Namchi Forest Block;11;3;1
261198;Majhitar Forest Block;11;243;1551;27000;Majhitar Forest Block;11;3;1
261199;Jorethang Forest Block;11;243;1551;;;11;3;1
261200;Melli Forest Block;11;243;1551;27100;Melli Forest Block;11;3;1
261201;Namthang Forest Block;11;243;1551;;;11;3;1
261202;Mamring Forest Block;11;243;1551;27200;Mamring Forest Block;11;3;1
261203;Sada;11;243;1552;27300;Sada;11;3;2
261204;Phamthang ;11;243;1552;27400;Phamthang ;11;3;2
261205;Brong;11;243;1552;27500;Brong;11;3;2
261206;Poley;11;243;1552;27600;Poley;11;3;2
261207;Namlung;11;243;1552;27700;Namlung;11;3;2
261208;Lingdong;11;243;1552;27800;Lingdong;11;3;2
261209;Ralong;11;243;1552;27900;Ralong;11;3;2
261210;Ralong Monastery;11;243;1552;28000;Ralong Monastery;11;3;2
261211;Deythang;11;243;1552;28100;Deythang;11;3;2
261212;Zarung;11;243;1552;28200;Zarung;11;3;2
261213;Barfung;11;243;1552;28300;Barfung;11;3;2
261214;Bakkhim;11;243;1552;28400;Bakkhim;11;3;2
261215;Kewzing;11;243;1552;28500;Kewzing;11;3;2
261216;Dalep;11;243;1552;28600;Dalep;11;3;2
261217;Lingzo;11;243;1552;28700;Lingzo;11;3;2
261218;Likship;11;243;1552;28800;Likship;11;3;2
261219;Hingdam;11;243;1552;28900;Hingdam;11;3;2
261220;Lamting;11;243;1552;29000;Lamting;11;3;2
261221;Mangbrue;11;243;1552;29100;Mangbrue;11;3;2
261222;Tingmo;11;243;1552;29200;Tingmo;11;3;2
261223;Sanghanath;11;243;1552;29300;Sanghanath;11;3;2
261224;Tinkitam;11;243;1552;29400;Tinkitam;11;3;2
261225;Rayong;11;243;1552;29500;Rayong;11;3;2
261226;Sangmo;11;243;1552;29600;Sangmo;11;3;2
261227;Ravong;11;243;1552;29700;Rabong;11;3;2
261228;Sokpay;11;243;1552;29800;Sokpay;11;3;2
261229;Lingi;11;243;1552;29900;Lingi;11;3;2
261230;Lower Paiyong;11;243;1552;30000;Lower Paiyong;11;3;2
261231;Upper Paiyong;11;243;1552;30100;Upper Paiyong;11;3;2
261232;Kau;11;243;1552;30200;Kau;11;3;2
261233;Lingmo;11;243;1552;30300;Lingmo;11;3;2
261234;Pepthang;11;243;1552;30400;Pepthang;11;3;2
261235;Kolthang;11;243;1552;30500;Kolthang;11;3;2
261236;Tokday (Lingmo);11;243;1552;30600;Tokdey (Lingmo);11;3;2
261237;Mangzing;11;243;1552;30700;Mangzing;11;3;2
261238;Neh-Brum;11;243;1552;30800;Neh-Brum;11;3;2
261239;Sripatam;11;243;1552;30900;Sripatam;11;3;2
261240;Namphok;11;243;1552;31000;Namphok;11;3;2
261241;Gagyong;11;243;1552;31100;Gagyong;11;3;2
261242;Rangang;11;243;1552;31200;Rangang;11;3;2
261243;Yangyang;11;243;1552;31300;Yangyang;11;3;2
261244;Satam;11;243;1552;31400;Satam;11;3;2
261245;Namphrik;11;243;1552;31500;Namphrik;11;3;2
261246;Ben;11;243;1552;31600;Ben;11;3;2
261247;Deu;11;243;1552;31700;Deu;11;3;2
261248;Lingmo Forest Block;11;243;1552;31800;Lingmo Forest Block;11;3;2
261249;Yangyang Forest Block;11;243;1552;;;11;3;2
261250;Ralang Forest Block;11;243;1552;;;11;3;2
261251;Rabongla Forest Block;11;243;1552;31900;Rabongla Forest Block;11;3;2
261252;Kewzing Forest Block;11;243;1552;;;11;3;2
261253;Rakdong;11;244;1553;32000;Rakdong;11;4;1
261254;Tintek;11;244;1553;32100;Tintek;11;4;1
261255;Kambal;11;244;1553;32200;Kambal;11;4;1
261256;Samdong;11;244;1553;32300;Samdong;11;4;1
261257;Raley-Khese;11;244;1553;32400;Raley-Khese;11;4;1
261258;Tumen;11;244;1553;32500;Tumen;11;4;1
261259;Chadey;11;244;1553;32600;Chadey;11;4;1
261260;Simik;11;244;1553;32700;Simik;11;4;1
261261;Aritar (Dung-Dung);11;244;1553;32800;Aritar (Dung-Dung);11;4;1
261262;Lingzey (Simik);11;244;1553;32900;Lingzey (Simik);11;4;1
261263;Patuk;11;244;1553;33000;Patuk;11;4;1
261264;Singbel;11;244;1553;33100;Singbel;11;4;1
261265;Dung-Dung;11;244;1553;33200;Dung-Dung;11;4;1
261266;Budang Thangsing;11;244;1553;33300;Budang Thangsing;11;4;1
261267;Beng;11;244;1553;33400;Beng;11;4;1
261268;Khamdong;11;244;1553;33500;Khamdong;11;4;1
261269;Sherwani;11;244;1553;33600;Sherwani;11;4;1
261270;Sakyong;11;244;1553;33700;Sakyong;11;4;1
261271;Chisopani;11;244;1553;33800;Chisopani;11;4;1
261272;Tshalumthang;11;244;1553;33900;Tshalumthang;11;4;1
261273;Rapdang;11;244;1553;34000;Rapdang;11;4;1
261274;Namgeythang;11;244;1553;34100;Namgeythang;11;4;1
261275;Byang;11;244;1553;34200;Byang;11;4;1
261276;Phengyong;11;244;1553;34300;Phengyong;11;4;1
261277;Tirkutam;11;244;1553;34400;Tirkutam;11;4;1
261278;Nazitam;11;244;1553;34500;Nazitam;11;4;1
261279;Martam;11;244;1553;34600;Martam;11;4;1
261280;Mangthang;11;244;1553;34700;Mangthang;11;4;1
261281;Sumen;11;244;1553;34800;Sumen;11;4;1
261282;Lingzey (Sumen);11;244;1553;34900;Lingzey (Sumen);11;4;1
261283;West Pendam;11;244;1553;35000;West Pendam;11;4;1
261284;Central Pendam;11;244;1553;35100;Central Pendam;11;4;1
261285;Sajong;11;244;1553;35200;Sajong;11;4;1
261286;Chuba;11;244;1553;35300;Chuba;11;4;1
261287;Namli;11;244;1553;35400;Namli;11;4;1
261288;Tumlabung;11;244;1553;35500;Tumlabung;11;4;1
261289;Namin;11;244;1553;35600;Namin;11;4;1
261290;Samlik-Marchak;11;244;1553;35700;Samlik-Marchak;11;4;1
261291;Shyagyong-Rumtek;11;244;1553;35800;Shyagyong-Rumtek;11;4;1
261292;Rawate-Rumtek;11;244;1553;35900;Rawate-Rumtek;11;4;1
261293;Chinze;11;244;1553;36000;Chinze;11;4;1
261294;Ranka;11;244;1553;36400;Ranka;11;4;1
261295;Sangtong;11;244;1553;36500;Sangtong;11;4;1
261296;Barbing;11;244;1553;36600;Barbing;11;4;1
261297;Temphyak Mendu;11;244;1553;36700;Temphyak-Mendu;11;4;1
261298;Rey;11;244;1553;36800;Rey;11;4;1
261299;Lingdum;11;244;1553;36900;Lingdum;11;4;1
261300;Nampong;11;244;1553;37000;Nampong;11;4;1
261301;Lingdok;11;244;1553;37100;Lingdok;11;4;1
261302;Navey;11;244;1553;37200;Navey;11;4;1
261303;Shotak;11;244;1553;37300;Shotak;11;4;1
261304;Penlong;11;244;1553;37400;Penlong;11;4;1
261305;Luing;11;244;1553;37500;Luing;11;4;1
261306;Parbing;11;244;1553;37600;Parbing;11;4;1
261307;Rongyek;11;244;1553;38400;Rongyek;11;4;1
261308;Tathangchen;11;244;1553;38500;Tathangchen;11;4;1
261309;Syari;11;244;1553;38700;Syari;11;4;1
261310;Nandok;11;244;1553;38800;Nandok;11;4;1
261311;Naitam;11;244;1553;38900;Naitam;11;4;1
261312;Namok;11;244;1553;39000;Namok;11;4;1
261313;Pam;11;244;1553;39100;Pam;11;4;1
261314;Bhusuk;11;244;1553;39200;Bhusuk;11;4;1
261315;Gnathang;11;244;1553;39300;Gnathang;11;4;1
261316;Assam;11;244;1553;39400;Assam;11;4;1
261317;Lingzey (Assam);11;244;1553;39500;Lingzey (Assam);11;4;1
261318;Kyongnosla Forest Block;11;244;1553;39600;Kyongnosla Forest Block;11;4;1
261319;Gnathang Forest Block;11;244;1553;;;11;4;1
261320;Pangthang Forest Block;11;244;1553;39700;Pangthang Forest Block;11;4;1
261321;Gangtok Forest Block;11;244;1553;39800;Gangtok Forest Block;11;4;1
261322;Ranipool Forest Block;11;244;1553;39900;Ranipool Forest Block;11;4;1
261323;Rumtek Forest Block;11;244;1553;40000;Rumtek Forest Block;11;4;1
261324;Tumen Forest Block;11;244;1553;40100;Tumen Forest Block;11;4;1
261325;Sang Forest Block;11;244;1553;40200;Sang Forest Block;11;4;1
261326;Singtam Forest Block;11;244;1553;40300;Singtam Forest Block;11;4;1
261327;Rangpo Forest Block;11;244;1553;40400;Rangpo Forest Block;11;4;1
261328;Chhota Singtam;11;244;1554;40500;Chhota Singtam;11;4;2
261329;Yangtam;11;244;1554;40600;Yangtam;11;4;2
261330;Aho;11;244;1554;40700;Aho;11;4;2
261331;Changey Senti (Tsaney);11;244;1554;40800;Changey Senti (Tsaney);11;4;2
261332;Pachey;11;244;1554;40900;Pachey;11;4;2
261333;Namcheybung;11;244;1554;41000;Namchey-Bung;11;4;2
261334;Pachak;11;244;1554;41100;Pachak;11;4;2
261335;Kamarey Bhasmey;11;244;1554;41200;Kamarey Bhasmey;11;4;2
261336;East Pendam;11;244;1554;41300;East Pendam;11;4;2
261337;Dikling;11;244;1554;41400;Dikling;11;4;2
261338;Kartok;11;244;1554;41500;Kartok;11;4;2
261339;Tsalumthang;11;244;1554;41600;Tshalumthang;11;4;2
261340;Pacheykhani (Dikling);11;244;1554;41700;Pacheykhani (Dikling);11;4;2
261341;Losing;11;244;1554;41800;Losing;11;4;2
261342;Pacheykhani (Losing);11;244;1554;41900;Pacheykhani (Losing);11;4;2
261343;Taza;11;244;1554;42000;Taza;11;4;2
261344;Amba;11;244;1554;42100;Amba;11;4;2
261345;Tarethang;11;244;1554;42200;Tarethang;11;4;2
261346;Biring;11;244;1554;42300;Biring;11;4;2
261347;Linkey;11;244;1554;42400;Linkey;11;4;2
261348;Thekabung;11;244;1554;42500;Thekabung;11;4;2
261349;Parkha;11;244;1554;42600;Parkha;11;4;2
261350;Riwa;11;244;1554;42700;Riwa;11;4;2
261351;Machong;11;244;1554;42800;Machong;11;4;2
261352;Chochenpheri;11;244;1554;42900;Chochenpheri;11;4;2
261353;Latuk;11;244;1554;43000;Latuk;11;4;2
261354;Assam Lingzey Forest Block;11;244;1554;43100;Assam Lingzey Forest Block;11;4;2
261355;Pakyong Forest Block;11;244;1554;43200;Pakyong Forest Block;11;4;2
261356;Pathing Forest Block ;11;244;1554;;;11;4;2
261357;Rolep;11;244;1555;43300;Rolep;11;4;3
261358;Lamaten;11;244;1555;43400;Lamaten;11;4;3
261359;Lingtam;11;244;1555;43500;Lingtam;11;4;3
261360;Phadamchen;11;244;1555;43600;Phadamchen;11;4;3
261361;Premlakha;11;244;1555;43700;Premlakha;11;4;3
261362;Singaneybas;11;244;1555;43800;Singaneybas;11;4;3
261363;Subanedara;11;244;1555;43900;Subanedara;11;4;3
261364;North Rhegoh;11;244;1555;44000;North Rhegoh;11;4;3
261365;South Rhegoh;11;244;1555;44100;South Rhegoh;11;4;3
261366;Changeylakha;11;244;1555;44200;Changeylakha;11;4;3
261367;Chujachen;11;244;1555;44300;Chujachen;11;4;3
261368;Dholepchen;11;244;1555;44400;Dholepchen;11;4;3
261369;Sudunglakha;11;244;1555;44500;Sudunglakha;11;4;3
261370;Mulukey;11;244;1555;44600;Mulukey;11;4;3
261371;Tarpin;11;244;1555;44700;Tarpin;11;4;3
261372;Aritar;11;244;1555;44900;Aritar;11;4;3
261373;Phadamchen Forest Block;11;244;1555;45000;Phadamchen Forest Block;11;4;3
261374;Rongli Forest Block;11;244;1555;45100;Rongli Forest Block;11;4;3
261375;Rhenock Forest Block;11;244;1555;45200;Rhenock Forest Block;11;4;3
261376;Rhenak (CT);11;244;1555;44800;Rhenak;11;4;3
