village_code_2011;village_name_2011;state_code_2011;district_code_2011;sub_district_code_2011;village_code_2001;village_name_2001;state_code_2001;district_code_2001;sub_district_code_2001
63866;Lam Pur;7;90;430;100;Lam Pur;7;1;1
63867;Mamoor Pur;7;90;430;200;Mamoor Pur;7;1;1
63868;Singhu;7;90;430;300;Singhu;7;1;1
63869;Singhola;7;90;430;400;Singhola;7;1;1
63870;Hamid Pur;7;90;430;500;Hamid Pur;7;1;1
63871;Taj Pur Kalan;7;90;430;600;Taj Pur Kalan;7;1;1
63872;Akbar Pur Majra;7;90;430;700;Akbar Pur Majra;7;1;1
63873;Palla;7;90;430;800;Palla;7;1;1
63874;Qullak Pur;7;90;430;900;Qullak Pur;7;1;1
63875;Jhangola;7;90;430;1000;Jhangola;7;1;1
63876;Sunger Pur Shahdara  (un-inhabited);7;90;430;1100;Sunger Pur Shahdara;7;1;1
63877;Sunger Pur Delhi;7;90;430;1200;Sunger Pur Delhi;7;1;1
63878;Tigi Pur ;7;90;430;1300;Tigi Pur ;7;1;1
63879;Fateh Pur Jat;7;90;430;1400;Fateh Pur Jat;7;1;1
63880;Kham Pur;7;90;430;1700;Kham Pur;7;1;1
63881;Shah Pur Garhi;7;90;430;1800;Shah Pur Garhi;7;1;1
63882;Kureni;7;90;430;2000;Kureni;7;1;1
63883;Raja Pur Kalan (Un-inhabited);7;90;430;2200;Raja Pur Kalan;7;1;1
63884;Sanoth ;7;90;430;40106000;Sanoth (CT);7;1;1
63885;Ghoga ;7;90;430;40105000;Ghoga (CT);7;1;1
63886;Hareoli;7;90;430;2400;Hareoli;7;1;1
63887;Ochandi;7;90;430;2500;Ochandi;7;1;1
63888;Mungesh Pur;7;90;430;2600;Mungesh Pur;7;1;1
63889;Katewara;7;90;430;2700;Katewara;7;1;1
63890;Bazid Pur Thakran;7;90;430;2800;Bazid Pur Thakran;7;1;1
63891;Nangal Thakran ;7;90;430;40108000;Nangal Thakran (CT);7;1;1
63892;Sultan Pur Dabas;7;90;430;2900;Sultan Pur Dabas;7;1;1
63893;Iradat Nagar alias Naya Bans;7;90;430;3000;Iradat Nagar alias Naya Bans;7;1;1
63894;Holambi Khurd;7;90;430;3100;Holambi Khurd;7;1;1
63895;Holambi Kalan;7;90;430;3200;Holambi Kalan;7;1;1
63896;Zind Pur;7;90;430;3300;Zind Pur;7;1;1
63897;Hiranki;7;90;430;3400;Hiranki;7;1;1
63898;Mohd. Pur Ramzan Pur;7;90;430;3500;Mohd. Pur Ramzan Pur;7;1;1
63899;Tehri Daulat Pur (Un-inhabited);7;90;430;3600;Tehri Daulat Pur;7;1;1
63900;Garhi Khasru;7;90;430;3800;Garhi Khasru;7;1;1
63901;Nangli Poona;7;90;430;4100;Nangli Poona;7;1;1
63902;Bodh Pur Bija Pur;7;90;430;4200;Bodh Pur Bija Pur;7;1;1
63903;Kankar Khera;7;90;430;4400;Kankar Khera;7;1;1
63904;Pansali;7;90;430;4500;Pansali;7;1;1
63905;Bankner (CT);7;90;430;40104000;Bankner (CT);7;1;1
63906;Bhor Garh (CT);7;90;430;2100;Bhor Garh;7;1;1
63907;Tikri Khurd (CT);7;90;430;1900;Tikri Khurd;7;1;1
63908;Bakhtawar Pur (CT);7;90;430;1500;Bakhtawar Pur;7;1;1
63909;Bankauli (CT);7;90;430;1600;Bankauli;7;1;1
63910;Ali Pur (CT);7;90;430;40111000;Ali Pur (CT);7;1;1
63911;Mukhmel Pur (CT);7;90;430;3900;Mukhmel Pur;7;1;1
63912;Ibrahim Pur (CT);7;90;430;3700;Ibrahim Pur;7;1;1
63913;Qadi Pur (CT);7;90;430;4000;Qadi Pur;7;1;1
63914;Libas Pur (CT);7;90;430;40112000;Libas Pur (CT);7;1;1
63915;Siras Pur (CT);7;90;430;40114000;Siras Pur (CT);7;1;1
63916;Khera Kalan (CT);7;90;430;4300;Khera Kalan;7;1;1
63917;Sahibabad Daulat Pur (CT);7;90;430;40115000;Sahibabad Daulat Pur (CT);7;1;1
63918;Pehlad Pur Bangar (CT);7;90;430;40116000;Pehlad Pur Bangar (CT);7;1;1
63919;Khera Khurd (CT);7;90;430;40110000;Khera Khurd (CT);7;1;1
63920;Barwala (CT);7;90;430;4600;Barwala;7;1;1
63921;Pooth Khurd (CT);7;90;430;40109000;Pooth Khurd (CT);7;1;1
63922;Bawana (CT);7;90;430;40107000;Bawana (CT);7;1;1
63923;Darya Pur Kalan (CT);7;90;430;2300;Darya Pur Kalan;7;1;1
63924;Punjab Khor;7;90;431;4800;Punjab Khor;7;1;2
63925;Jat Khor;7;90;431;4900;Jat Khor;7;1;2
63926;Salah Pur Majra;7;90;431;5000;Salah Pur Majra;7;1;2
63927;Budhan Pur;7;90;431;5100;Budhan Pur;7;1;2
63928;Chand Pur;7;90;431;5200;Chand Pur;7;1;2
63929;Madan Pur Dabas;7;90;431;5700;Madan Pur Dabas;7;1;2
63930;Rasool Pur;7;90;431;5900;Rasool Pur;7;1;2
63931;Saoda;7;90;431;6000;Saoda;7;1;2
63932;Chatesar;7;90;431;6200;Chatesar;7;1;2
63933;Jonti;7;90;431;6300;Jonti;7;1;2
63934;Garhi Rindhala;7;90;431;6400;Garhi Rindhala;7;1;2
63935;Nizam Pur Rashid Pur;7;90;431;6500;Nizam Pur Rashid Pur;7;1;2
63936;Qutab Garh (CT);7;90;431;4700;Qutab Garh;7;1;2
63937;Lad Pur (CT);7;90;431;6100;Lad Pur;7;1;2
63938;Kanjhawala (CT);7;90;431;40119000;Kanjhawala (CT);7;1;2
63939;Gheora (CT);7;90;431;40120000;Gheora (CT);7;1;2
63940;Rani Khera (CT);7;90;431;5800;Rani Khera;7;1;2
63941;Mubarak Pur Dabas (CT);7;90;431;5600;Mubarak Pur Dabas;7;1;2
63942;Kirari Suleman Nagar (CT);7;90;431;40121000;Kirari Suleman Nagar (CT);7;1;2
63943;Nithari (CT);7;90;431;5500;Nithari;7;1;2
63944;Mohammad Pur Majri (CT);7;90;431;5400;Mohammad Pur Majri;7;1;2
63945;Karala (CT);7;90;431;5300;Karala;7;1;2
63946;Begum Pur (CT);7;90;431;40117000;Begum Pur (CT);7;1;2
63947;Pooth Kalan (CT);7;90;431;40118000;Pooth Kalan (CT);7;1;2
63948;Sultan Pur Majra (CT);7;90;431;40122000;Sultan Pur Majra (CT);7;1;2
63949;Shanjar Pur(un-inhabited);7;90;432;6600;Shanjar Pur;7;1;3
63950;Bhalswa Jahangir Pur (CT);7;90;432;40113000;Bhalswa Jahangir Pur (CT);7;1;3
63951;Salem Pur Majra Burari;7;91;433;6700;Salem Pur Majra Burari;7;2;1
63952;Badar Pur Majra Burari;7;91;433;6800;Badar Pur Majra Burari;7;2;1
63953;Jagat Pur ilaqa Shahdara (un-inhabited);7;91;433;6900;Jagat Pur ilaqa Shahdara;7;2;1
63954;Jagat Pur ilaqa Delhi;7;91;433;7000;Jagat Pur ilaqa Delhi;7;2;1
63955;Mukand Pur (CT);7;91;433;7200;Mukand Pur ;7;2;1
63956;Kamal Pur Majra Burari (CT);7;91;433;7100;Kamal Pur Majra Burari;7;2;1
63957;Burari  (CT);7;91;433;40223000;Burari  (CT);7;2;1
63958;Jharoda Majra Burari  (CT);7;91;433;40224000;Jharoda Majra Burari  (CT);7;2;1
63959;Badar Pur Khadar;7;92;436;7300;Badar Pur Khadar;7;3;1
63960;Pur Delhi;7;92;436;7400;Pur Delhi;7;3;1
63961;Pur Shahdara;7;92;436;7500;Pur Shahdara;7;3;1
63962;Saba Pur Delhi;7;92;436;7600;Saba Pur Delhi;7;3;1
63963;Saba Pur Shahdara;7;92;436;7700;Saba Pur Shahdara;7;3;1
63964;Sadat Pur Musalmanan (un-inhabited);7;92;436;7900;Sadat Pur Musalmanan;7;3;1
63965;Bihari Pur;7;92;436;8000;Bihari Pur;7;3;1
63966;Sher Pur;7;92;436;8100;Sher Pur;7;3;1
63967;Garhi Mendu;7;92;436;8200;Garhi Mendu;7;3;1
63968;Sadat Pur Gujran (CT);7;92;436;40330000;Sadat Pur Gujran (CT);7;3;1
63969;Baqiabad (CT);7;92;436;7800;Baqiabad;7;3;1
63970;Karawal Nagar (CT);7;92;436;40325000;Karawal Nagar (CT);7;3;1
63971;Dayal Pur (CT);7;92;436;40326000;Dayal Pur (CT);7;3;1
63972;Jiwan Pur alias Johri Pur (CT);7;92;436;40327000;Jiwan Pur alias Johri Pur (CT);7;3;1
63973;Mustafabad (CT);7;92;436;40328000;Mustafabad (CT);7;3;1
63974;Khan Pur Dhani (CT);7;92;436;8400;Khan Pur Dhani;7;3;1
63975;Tukhmir Pur (CT);7;92;436;8300;Tukhmir Pur;7;3;1
63976;Khajoori Khas (CT);7;92;436;40329000;Khajoori Khas (CT);7;3;1
63977;Mir Pur Turk (CT);7;92;436;40331000;Mir Pur Turk (CT);7;3;1
63978;Ziauddin Pur (CT);7;92;436;40332000;Ziauddin Pur (CT);7;3;1
63979;Gokal Pur (CT);7;92;436;40333000;Gokal Pur (CT);7;3;1
63980;Babar Pur (CT);7;92;437;40334000;Babar Pur (CT);7;3;2
63981;Jaffrabad (CT);7;92;437;40335000;Jaffrabad (CT);7;3;2
63982;Mandoli (CT);7;92;438;8500;Mandoli;7;3;3
63983;Shakar Pur Baramad (CT);7;93;439;8600;Shakar Pur Baramad;7;4;1
63984;Shamas Pur;7;93;441;8700;Shamas Pur;7;4;3
63985;Gharonda Neemka Bangar alias Patpar Ganj (CT);7;93;441;40436000;Gharonda Neemka Bangar alias Patpar Ganj (CT);7;4;3
63986;Gharoli (CT);7;93;441;40437000;Gharoli (CT);7;4;3
63987;Kondli (CT);7;93;441;40438000;Kondli (CT);7;4;3
63988;Dallo Pura (CT);7;93;441;40439000;Dallo Pura (CT);7;4;3
63989;Chilla Saroda Bangar (CT);7;93;441;40440000;Chilla Saroda Bangar (CT);7;4;3
63990;Chilla Saroda Khadar (CT);7;93;441;8800;Chilla Saroda Khadar;7;4;3
63991;Hastsal (CT);7;96;448;40744000;Hastsal (CT);7;7;2
63992;Raja Pur Khurd (CT);7;96;448;9700;Raja Pur Khurd;7;7;2
63993;Neel Wal;7;96;450;9000;Neel Wal;7;7;1
63994;Jaffar Pur alias Hiran Kudna;7;96;450;9100;Jaffar Pur alias Hiran Kudna;7;7;1
63995;Bapraula (CT);7;96;450;9300;Bapraula;7;7;1
63996;Tilang Pur Kotla (CT);7;96;450;9400;Tilang Pur Kotla;7;7;1
63997;Shafi Pur Ranhola (CT);7;96;450;9500;Shafi Pur Ranhola;7;7;1
63998;Nilothi (CT);7;96;450;9600;Nilothi;7;7;1
63999;Nangloi Jat (CT);7;96;450;40742000;Nangloi Jat (CT);7;7;1
64000;Quammruddin Nagar (CT);7;96;450;40743000;Quammruddin Nagar (CT);7;7;1
64001;Mundka (CT);7;96;450;40741000;Mundka (CT);7;7;1
64002;Bakkar Wala (CT);7;96;450;9200;Bakkar Wala;7;7;1
64003;Tikri Kalan (CT);7;96;450;8900;Tikri Kalan;7;7;1
64004;Dichaon Kalan;7;97;451;9900;Dichaon Kalan;7;8;1
64005;Surakh Pur;7;97;451;10400;Surakh Pur;7;8;1
64006;Mundhela Khurd;7;97;451;10600;Mundhela Khurd;7;8;1
64007;Mundhela Kalan;7;97;451;10700;Mundhela Kalan;7;8;1
64008;Surera;7;97;451;10900;Surera;7;8;1
64009;Kharkhari Nahar;7;97;451;11000;Kharkhari Nahar;7;8;1
64010;Paprawat;7;97;451;11100;Paprawat;7;8;1
64011;Goela Khurd;7;97;451;11200;Goela Khurd;7;8;1
64012;Qutab Pur;7;97;451;11300;Qutab Pur;7;8;1
64013;Taj Pur Khurd;7;97;451;11400;Taj Pur Khurd;7;8;1
64014;Rewla Kham Pur;7;97;451;11500;Rewla Kham Pur;7;8;1
64015;Pindwala Kalan;7;97;451;11600;Pindwala Kalan;7;8;1
64016;Kharkhari Jatmal;7;97;451;11700;Kharkhari Jatmal;7;8;1
64017;Khera Dabar;7;97;451;11800;Khera Dabar;7;8;1
64018;Samas Pur Khalsa;7;97;451;12000;Samas Pur Khalsa;7;8;1
64019;Baqar Garh;7;97;451;12100;Baqar Garh;7;8;1
64020;Isa Pur;7;97;451;12200;Isa Pur;7;8;1
64021;Qazi Pur;7;97;451;12300;Qazi Pur;7;8;1
64022;Malik Pur zer-Najafgarh;7;97;451;12400;Malik Pur zer-Najafgarh;7;8;1
64023;Darya Pur Khurd;7;97;451;12500;Darya Pur Khurd;7;8;1
64024;Sher Pur Deri;7;97;451;12600;Sher Pur Deri;7;8;1
64025;Kharkhari Rond;7;97;451;12700;Kharkhari Rond;7;8;1
64026;Hasan Pur;7;97;451;12800;Hasan Pur;7;8;1
64027;Daulat Pur;7;97;451;12900;Daulat Pur;7;8;1
64028;Pindwala Khurd;7;97;451;13000;Pindwala Khurd;7;8;1
64029;Kangan Heri;7;97;451;13100;Kangan Heri;7;8;1
64030;Salah Pur;7;97;451;13200;Salah Pur;7;8;1
64031;Raghu Pur;7;97;451;13300;Raghu Pur;7;8;1
64032;Badhosra;7;97;451;13400;Badhosra;7;8;1
64033;Nanak Heri;7;97;451;13500;Nanak Heri;7;8;1
64034;Jhatikra;7;97;451;13600;Jhatikra;7;8;1
64035;Asalat Pur Khawad;7;97;451;13700;Asalat Pur Khawad;7;8;1
64036;Shikar Pur;7;97;451;13800;Shikar Pur;7;8;1
64037;Jain Pur(Un-inhabited);7;97;451;13900;Jain Pur;7;8;1
64038;Goman Hera;7;97;451;14000;Goman Hera;7;8;1
64039;Jhuljhuli;7;97;451;14100;Jhuljhuli;7;8;1
64040;Sarang Pur;7;97;451;14200;Sarang Pur;7;8;1
64041;Dhansa;7;97;451;14300;Dhansa;7;8;1
64042;Ghalib Pur;7;97;451;14400;Ghalib Pur;7;8;1
64043;Raota;7;97;451;14500;Raota;7;8;1
64044;Deorala;7;97;451;14600;Deorala;7;8;1
64045;Jharoda Kalan (CT);7;97;451;9800;Jharoda Kalan;7;8;1
64046;Kair (CT);7;97;451;10500;Kair;7;8;1
64047;Jaffar Pur Kalan (CT);7;97;451;10800;Jaffar Pur Kalan;7;8;1
64048;Ujwa (CT);7;97;451;11900;Ujwa;7;8;1
64049;Mitraon (CT);7;97;451;10300;Mitraon;7;8;1
64050;Khera (CT);7;97;451;10200;Khera;7;8;1
64051;Dindar Pur (CT);7;97;451;10100;Dindar Pur;7;8;1
64052;Roshan Pura alias Dichaon Khurd (CT);7;97;451;40845000;Roshan Pura alias Dichaon Khurd (CT);7;8;1
64053;Nangli Sakrawati (CT);7;97;451;10000;Nangli Sakrawati;7;8;1
64054;Chhawala (CT);7;97;451;40846000;Chhawala (CT);7;8;1
64055;Moradabad Pahari (CT);7;97;452;14700;Moradabad Pahari;7;8;2
64056;Kusum Pur (CT);7;97;453;14800;Kusum Pur;7;8;3
64057;Malik Pur Kohi alias Rang Puri (CT);7;97;453;14900;Malik Pur Kohi alias Rang Puri;7;8;3
64058;Sambhalka (CT);7;97;453;40848000;Sambhalka (CT);7;8;3
64059;Kapas Hera (CT);7;97;453;40849000;Kapas Hera (CT);7;8;3
64060;Rajokri (CT);7;97;453;40850000;Rajokri (CT);7;8;3
64061;Ghitorni (CT);7;97;453;40851000;Ghitorni (CT);7;8;3
64062;Gadai Pur;7;98;454;15200;Gadai Pur;7;9;2
64063;Satberi;7;98;454;15700;Satberi;7;9;2
64064;Shahur Pur;7;98;454;15800;Shahur Pur;7;9;2
64065;Aya Nagar (CT);7;98;454;15100;Aya Nagar;7;9;2
64066;Jona Pur (CT);7;98;454;40962000;Jona Pur (CT);7;9;2
64067;Fateh Pur Beri (CT);7;98;454;16000;Fateh Pur Beri;7;9;2
64068;Dera Mandi (CT);7;98;454;16100;Dera;7;9;2
64069;Bhati (CT);7;98;454;40961000;Bhati (CT);7;9;2
64070;Asola (CT);7;98;454;40960000;Asola (CT);7;9;2
64071;Chandan Hola (CT);7;98;454;15900;Chandan Hola;7;9;2
64072;Sultan Pur (CT);7;98;454;40952000;Sultan Pur (CT);7;9;2
64073;Chattar Pur (CT);7;98;454;15300;Chattar Pur;7;9;2
64074;Maidan Garhi (CT);7;98;454;15400;Maidan Garhi;7;9;2
64075;Raj Pur Khurd (CT);7;98;454;15600;Raj Pur Khurd;7;9;2
64076;Deoli (CT);7;98;454;40959000;Deoli (CT);7;9;2
64077;Neb Sarai (CT);7;98;454;15500;Neb Sarai;7;9;2
64078;Saidul Azaib (CT);7;98;454;40953000;Saidul Azaib (CT);7;9;2
64079;Tigri (CT);7;98;454;40954000;Tigri (CT);7;9;2
64080;Saidabad (CT);7;98;455;15000;Saidabad;7;9;1
64081;Kotla Mahigiran (CT);7;98;456;16300;Kotla Mahigiran;7;9;3
64082;Pul Pehlad (CT);7;98;456;40958000;Pul Pehlad (CT);7;9;3
64083;Taj Pul (CT);7;98;456;40957000;Taj Pul (CT);7;9;3
64084;Mithe Pur (CT);7;98;456;40956000;Mithe Pur (CT);7;9;3
64085;Molar Band (CT);7;98;456;40955000;Molar Band (CT);7;9;3
64086;Aali (CT);7;98;456;16400;Aali;7;9;3
64087;Jait Pur (CT);7;98;456;16500;Jait Pur;7;9;3
