village_code_2011;village_name_2011;state_code_2011;district_code_2011;sub_district_code_2011;village_code_2001;village_name_2001;state_code_2001;district_code_2001;sub_district_code_2001
40089;Kaimbwala;4;55;277;100;Kaimbwala;4;1;1
40090;Sarangpur;4;55;277;500;Sarangpur;4;1;1
40091;Dhanas;4;55;277;600;Dhanas;4;1;1
40092;Raipur Khurd;4;55;277;2000;Raipur Khurd;4;1;1
40093;Raipur Kalan & Makhan Majra;4;55;277;2100;Raipur Kalan & Makhan Majra;4;1;1
40094;Khuda Alisher (CT);4;55;277;200;Khuda Alisher (CT);4;1;1
40095;Mani Majra (R), Basti Kishangarh, Basti Bhagwanpura (CT);4;55;277;2400;Mani Majra (R), Basti Kishangarh, Basti Bhagwanpura (CT);4;1;1
40096;Daria (CT);4;55;277;2300;Daria (CT);4;1;1
40097;Mauli Jagran (CT);4;55;277;2200;Mauli Jagran (CT);4;1;1
40098;Behlana (CT);4;55;277;1800;Behlana (CT);4;1;1
40099;Lahora (OG);4;55;277;400;Lahora  (O.G.);4;1;1
40100;Khuda Jassu (OG);4;55;277;300;Khuda Jassu (O.G.);4;1;1
